openalex_id,title,authors,publication_date,abstract,journal,doi,status,first_retrieved_date,last_updated_date
https://openalex.org/W7212440420,Recent Minimum Wage Policy and Its Impacts on Birth Outcomes,Yuji Mizushima; David Powell; Margaret Weden; Kate Strully; Allison Appleton,2026-09-01,NA,Journal of Health Economics,https://doi.org/10.1016/j.jhealeco.2026.103184,new,2026-09-24,2026-09-24T00:00:00Z
https://openalex.org/W4391800890,Scientific Talent Leaks Out of Funding Gaps,Wei Yang Tham; Joseph Staudt; Elisabeth Ruth Perlman; Stephanie Cheng,2026-09-08,"Abstract Federal research funding is a key input into scientific work, but funding streams can be disrupted. We study how delays in renewed NIH research grants affect lab personnel’s careers, linking grant records to university payroll, tax, Census, and publication data. Using a difference-in-differences design, we find that interruptions of at least 30 days increase nonemployment among personnel in labs supported by a single NIH R01 grant by 3 percentage points, or 40%. Among those who remain employed in the US, earnings decrease by 20%. The results show that short funding gaps can alter career trajectories, especially for trainees.",The Review of Economics and Statistics,https://doi.org/10.1162/rest.a.1865,new,2026-09-24,2026-09-24T00:00:00Z
https://openalex.org/W7113613919,The Dynamics of Social Insurance in Egypt,Caroline Krafft; Cyrine Hannafi,2026-09-10,"ABSTRACT Social insurance coverage is low and declining in Egypt. This paper uses panel data, spanning 1998–2023, to assess the dynamics behind these trends in social insurance coverage. The results highlight not only the decline of social insurance coverage but an informality trap: over time workers are less likely to gain social insurance at entry or while remaining employed, and they are increasingly likely to lose social insurance. One reason for the decline in social insurance may be the low value workers place on coverage; the unemployed average the same reservation wages for jobs with and without social insurance coverage.",Labour,https://doi.org/10.1111/labr.70029,new,2026-09-24,2026-09-24T00:00:00Z
https://openalex.org/W7211988135,Anticipatory Fertility,Anna Bárdits; Anna Adamecz; Márta Bisztray; Andrea Weber; Ágnes Szabó‐Morvai,2026-09-09,"Abstract We study fertility responses to employment shocks using unique Hungarian administrative data linking firm-level mass layoff and closure events to individual-level birth and abortion records. We show that the main fertility response occurs in anticipation and differs by shock type. The number of conceptions leading to births increases in the year preceding a mass layoff (when maternal employment protection is available), but not before a firm closure (without employment protection). We interpret this result as evidence of anticipatory fertility behavior: women tend to schedule childbirth when job loss can be avoided.",The Journal of Human Resources,https://doi.org/10.3368/jhr.1025-14577r2,new,2026-09-24,2026-09-24T00:00:00Z
https://openalex.org/W7208710267,How do misperceptions about non-monetary and monetary aspects of government jobs influence bureaucratic selection?,Bo Feng; Qiwei He; Hanzhang Liu,2026-09-04,"This paper investigates how misperceptions about non-monetary and monetary aspects of government jobs affect individuals’ propensity to choose civil service as a career in China. Based on a survey sample of more than 2,000 college students in China, we document the prevalence of misperceptions about government jobs in terms of promotion prospects, salary compensation, and housing benefits. When misperceptions are corrected using a survey experiment, we find that individuals who overestimate (underestimate) promotion prospects, salary compensation, and housing benefits significantly decrease (increase) their interest in government jobs; the effects of these corrections are asymmetric based on respondents’ prior misperceptions. Moreover, we find that those who are more prosocial increase (decrease) their interest in government jobs more than others, when their underestimation (overestimation) of promotion prospects is corrected. These results point to the significant impact of individuals’ (mis)perceptions about government jobs on bureaucratic selection, especially in terms of non-monetary aspects such as career prospects.",Labour Economics,https://doi.org/10.1016/j.labeco.2026.102957,new,2026-09-24,2026-09-24T00:00:00Z
https://openalex.org/W7213335860,Attention to the Macroeconomy,Sebastian Link; Andreas Peichl; Oliver Pfäuti; Christopher Roth; Johannes Wohlfart,2026-09-15,"Abstract We measure which economic topics are top of mind using quarterly German household and firm panels from 2020 to 2024, a period that spans the post-pandemic inflation surge and the subsequent disinflation. With these data, we study potential determinants and consequences of having inflation top of mind. In line with goal-directed attention, the likelihood that inflation is top of mind rises with proxies for its true payoff relevance. At the same time, prior experiences predict whether respondents have inflation and energy prices top of mind conditional on a large set of controls for payoff relevance, and this relationship strengthens when the environment becomes more inflationary. Having inflation top of mind predicts stronger increases in information acquisition and inflation expectations over the shock period. At odds with goal-optimality, having inflation top of mind is associated with expectations further away from multiple ex-ante benchmarks. Finally, both key determinants of having inflation top of mind—payoff relevance and prior experiences—are associated with stronger shifts of expectations away from these benchmarks over the shock period.",The Quarterly Journal of Economics,https://doi.org/10.1093/qje/qjag047,new,2026-09-24,2026-09-24T00:00:00Z
https://openalex.org/W3207737214,Striking a Bargain: Narrative Identification of Wage Bargaining Shocks,Žymantas Budrys; Mario Porqueddu; Andrej Sokol,2026-09-02,"ABSTRACT Wage markup shocks, an important driver of business cycles, are hard to pin down. We quantify the importance of exogenous variation in wage bargaining power, one source of those shocks, from German minimum wage introduction episodes and strikes. This disciplines the impulse responses of unemployment and output, and sharpens inference for other variables, which behave consistently with predictions from search‐and‐matching models. We find that wage bargaining shocks meaningfully contribute to aggregate fluctuations in unemployment and inflation, exhibit substantial pass‐through to prices, and imply plausible dynamics for the vacancy rate, firms' profits, and the labor share.",Journal of Applied Econometrics,https://doi.org/10.1002/jae.70086,new,2026-09-08,2026-09-08T00:00:00Z
https://openalex.org/W7167930318,Collective Bargaining in Germany: Trends and Challenges,Lutz Bellmann; Christian Dustmann; Bernd Fitzenberger,2026-09-07,"ABSTRACT This paper examines the evolution, institutional structure, and challenges of collective bargaining in Germany. Collective bargaining addresses labor market imperfections, redistributes productivity gains, and shapes working conditions. Germany's system centers on industry‐level agreements, complemented by firm‐level agreements and voluntary adoption by formally uncovered firms (“orientation”). Historically, it has fostered cooperative labor–management relations while retaining flexibility during downturns. We document long‐term declines in union density and bargaining coverage, partly offset by orientation, with especially low coverage among low‐wage workers. Finally, we discuss the future of collective bargaining, the growing role of the statutory minimum wage, and comparisons with the US.",Industrial Relations A Journal of Economy and Society,https://doi.org/10.1111/irel.70043,new,2026-09-08,2026-09-08T00:00:00Z
https://openalex.org/W7148211050,Labor unions and deaths of despair: Evidence from right-to-work laws,Luke Petach,2026-09-03,NA,Journal of Health Economics,https://doi.org/10.1016/j.jhealeco.2026.103176,new,2026-09-08,2026-09-08T00:00:00Z
https://openalex.org/W4410780275,Consumption responses to a major minimum wage increase: Evidence from Spain,Ignacio González López; Héctor Sala Lorda; Pedro Trivín,2026-07-09,NA,Journal of Public Economics,https://doi.org/10.1016/j.jpubeco.2026.105710,updated,2026-09-01,2026-09-24T10:24:50Z
https://openalex.org/W2157427304,"“Immigration, Search and Redistribution: A Quantitative Assessment of Native Welfare” A Reply",Michèle Battisti; Gabriel J Felbermayr; Giovanni Peri; Panu Poutvaara,2026-04-22,"Abstract Stark and Byra identify a mistake in how capital income is calculated in the supplementary files of Battisti et al. and point out that our wage bargaining equation does not correspond to the Nash bargaining solution in the presence of wage taxation. We acknowledge both points and thank the authors for pointing out these issues. The bargaining solution we use in Battisti et al. is the Kalai proportional bargaining solution with fixed surplus shares, not Nash bargaining. In our reply, we show that if we calibrate the model to wage tax rates, correcting the coding mistake has only a minor effect on our original results if maintaining the original Kalai bargaining. If we also switch to the Nash bargaining solution, the estimated gains from immigration become smaller. Welfare effects depend on the precise nature of bargaining and tend to be larger with Kalai proportional bargaining. Under Nash bargaining, average total welfare gains from immigration are 0.37% for both low-skilled and high-skilled natives, instead of 1.25% for high-skilled and 1.00% for low-skilled natives in Battisti et al.",Journal of the European Economic Association,https://doi.org/10.1093/jeea/jvag018,updated,2026-09-01,2026-09-24T10:24:50Z
https://openalex.org/W4312419656,Intergenerational Mobility in the Land of Inequality,Diogo G. C. Britto; Alexandre de Andrade Fonseca; Paolo Pinotti; Breno Ramos Sampaio; Lucas Warwar,2026-05-14,"Abstract We provide the first estimates of intergenerational income mobility using tax data for a large developing country, namely Brazil. We measure formal income from tax and payroll data, and we train machine learning models on census and survey data to predict informal income. We quantify the estimation bias resulting from income imputation and other sources of measurement error, and show that such bias remains negligible in our context. A 10 percentile increase in parental income rank is associated on average with a 5.5 percentile increase in child income rank, with considerable variation across sociodemographic groups and geographical areas.",The Review of Economics and Statistics,https://doi.org/10.1162/rest.a.1775,updated,2026-09-01,2026-09-24T10:24:50Z
https://openalex.org/W4409565536,Youth Crime and Delinquency In And Out Of School,Janine Boshoff; Stephen J. Machin; Matteo Sandi,2026-06-22,"Abstract Ten years of idiosyncratic variation in school closure dates for all secondary schools in England are combined with administrative records of educational and criminal trajectories linked at the individual level to study the impact of the school schedule on the dynamics of youth crime. When school is not in session, students commit more property offences, more serious violent offences and fewer minor violent offences. Increased thefts, robberies and violent assaults drive these effects. This is novel evidence of strong multiple crime effects that arise from the protective factor of schooling and which affect not only the incidence of violence, but also its severity and its targets.",The Economic Journal,https://doi.org/10.1093/ej/ueag081,updated,2026-09-01,2026-09-24T10:24:50Z
https://openalex.org/W3117596421,"The Value of Names: Civil Society, Information, and Governing Multinationals",David Kreitmeir; Nathaniel P. Lane; Paul A. Raschky,2026-07-07,"Abstract Can markets discipline socially costly misbehavior abroad? We explore the market penalty associated with major human rights violations—specifically, the assassination of mining activists, a context where formal legal recourse is rare and events often do not involve counterparties. We show that firms featured in media coverage of these incidents experience significant, negative abnormal stock returns. Whereas reactions to related forms of corporate misconduct may be transitory or muted, we find that the market responses are both substantial and persistent, with a median 10-day loss exceeding USD 100 million. Since formal legal sanction is exceedingly rare, we consider the role of market penalties. We highlight three mechanisms that are consistent with reputational costs: (1) Media attention magnifies the market response. (2) Information-sensitive institutional investors systematically divest following assassination events. (3) Events reduce future trade, leading to a 19% decline in new contracts with counterparties. Despite these costs, events persist. We find that assassinations increase with dependence on mining royalties, suggesting that local rents sustain conflict despite market pressure. Thus, reputational sanctions may be significant—even in weakly institutionalized settings—yet may not fully deter misbehavior when local and global incentives diverge.",Journal of the European Economic Association,https://doi.org/10.1093/jeea/jvag040,updated,2026-09-01,2026-09-24T10:24:50Z
https://openalex.org/W7171319848,Adding Realism to Theories of Taxpayer Compliance,James Robert Alm,2026-07-26,"ABSTRACT Explaining why people pay taxes has not been a central focus in the many important contributions of Jim Cox. Even so, I argue here that his work has greatly affected the way that we think about taxpayer compliance, by adding both directly and indirectly much needed realism to the theories and the applications of compliance. These contributions revolve around his work on improving experimental design, on developing theories of decision making under risk, and, especially, on measuring and identifying social (or other‐regarding) preferences. I explain the basis for this conclusion by starting with an overview of the compliance literature and its evolution over time. I then examine the specific ways by which Jim's work has influenced our thinking, by focusing on several of his papers. I finish with some suggestions for future research directions, directions that illustrate the many ways that applying the lessons of Jim's insights can continue to have an impact on our thinking.",Southern Economic Journal,https://doi.org/10.1002/soej.70061,updated,2026-09-01,2026-09-24T10:24:50Z
https://openalex.org/W7165179514,"Welfare debt relief: Impact on employment, benefit receipt, and mental health",Ernst-Jan de Bruijn; Heike Vethaak; Pierre W. C. Koning; Marike G. Knoef,2026-06-19,"Benefit overpayments are a common byproduct of benefit programs and often lead to substantial debts among individuals. Although effective repayment and debt-relief policies are a key policy concern, empirical evidence on their impact is still scarce. In this study, we investigate the impact of welfare debt relief on labor market and mental health outcomes among financially vulnerable individuals. We exploit an eligibility cutoff applied by a Dutch welfare office to identify causal effects, using an instrumented difference-in-difference and fuzzy regression discontinuity design. Using linked administrative data, our findings suggest that debt relief reduces the use of mental health medication by about 1.1 percentage points (13.9%), consistent with lower financial stress. We find no significant effects on employment, earnings, and welfare receipt for the full sample. However, employment increases among debtors with ex-ante severe debt positions. This indicates the initial presence of debt overhang problems with larger debts.",Journal of Public Economics,https://doi.org/10.1016/j.jpubeco.2026.105695,updated,2026-09-01,2026-09-24T10:24:50Z
https://openalex.org/W3122645729,The Gender Pay Gap: Micro Sources and Macro Consequences,Iacopo Morchio; Christian Moser,2026-04-30,"Using linked employer-employee data from Brazil, we document a large gender pay gap due to women working at lower-paying employers with better amenities.To interpret these facts, we develop an equilibrium search model with endogenous firm pay, amenities, and employment.We provide a constructive proof of identification of all model parameters.The estimated model suggests that amenities are important for men and women, that compensating differentials explain half of the gender pay gap, and that there are significant output and welfare gains from eliminating gender differences.However, equal-treatment policies fail to achieve those gains.",American Economic Review,https://doi.org/10.1257/aer.20231107,updated,2026-09-01,2026-09-08T10:01:47Z
https://openalex.org/W4415623437,Automation and Polarization,Daron Acemoğlu; Jonas Loebbing,2025-10-28,"We develop an assignment model of automation. Each of a continuum of tasks of variable complexity is assigned to either capital or one of a continuum of labor skills. We characterize conditions for interior automation, whereby tasks of intermediate complexity are performed by capital. Interior automation arises when low-skill wages are low and effective cost of capital in low-complexity tasks is high. Minimum wages make interior automation less likely. Higher capital productivity causes employment and wage polarization, changes the skill premium nonmonotonically, and reduces the real wage of workers with comparative advantage profiles close to that of capital.",Journal of Political Economy,https://doi.org/10.1086/739330,new,2026-09-01,2026-09-01T00:00:00Z
https://openalex.org/W4405366191,Minimum Wage and Crime: Evidence from China,Shiying Zhang; Jiayan Wu; Qīng Wáng,2026-05-09,NA,Journal of Labor Research,https://doi.org/10.1007/s12122-026-09386-7,new,2026-09-01,2026-09-01T00:00:00Z
https://openalex.org/W4285246035,Monopsony Makes Firms Not Only Small but Also Unproductive: Why East Germany has Not Converged,Rüdiger Bachmann; Christian Bayer; Heiko Stueber; Felix Wellschmied,2026-05-21,"Abstract When employers face a trade-off between being large and paying low wages—and in this sense have monopsony power—some productive employers decide against building large business networks, forgo sales, and remain small. These decisions have adverse consequences for aggregate labour productivity. Using high-quality administrative data from Germany, we document that East German plants (compared to West German ones) face steeper size-wage curves, invest less in their business networks, remain smaller, and are less productive. A model with labour market monopsony, product market power, and business network investments matching these features of the data predicts a 10% lower aggregate labour productivity in East Germany.",The Review of Economic Studies,https://doi.org/10.1093/restud/rdag033,new,2026-09-01,2026-09-01T00:00:00Z
https://openalex.org/W4386037618,The Role of Firms and Job Mobility in the Assimilation of Immigrants: Former Soviet Union Jews in Israel 1990–2019,Jaime Arellano-Bover; Shmuel San,2026-05-20,"Abstract We study how job mobility, firms, and firm-ladder climbing can shape immigrants’ labor market success. Our context is the mass migration of former Soviet Union Jews to Israel during the 1990s. Once in Israel, these immigrants faced none of the legal barriers that are typically posed by migration regulations around the world, offering a unique backdrop to study undistorted immigrants’ job mobility and resulting unconstrained assimilation. Rich administrative data allows us to follow immigrants for up to three decades after arrival. Immigrants experienced large initial wage gaps relative to natives—57% for men and 47% for women—and 12%–20% of these gaps are explained by differential sorting across firms and differential pay-setting within firms. The wage gap closes only after 27–29 years, and much of this convergence is driven by immigrants’ differential climbing of the firm ladder: immigrants are more mobile and experience faster upward moves, even in the long term. As such, firm-to-firm mobility is a key driver of these immigrants’ long-run prosperity. Lastly, we quantify a previously undocumented job utility gap when accounting for non-wage amenities. Upon arrival, immigrants’ non-pay amenities were lower by 0.38 (men) and 0.94 (women) native standard deviations. As such, amenities exacerbate immigrant–native disparities based on pay alone.",Journal of the European Economic Association,https://doi.org/10.1093/jeea/jvag034,new,2026-09-01,2026-09-01T00:00:00Z
https://openalex.org/W4414272014,What Jobs Do Workers Want? Worker Preferences in Global Value Chains,Matthew Amengual; Greg Distelhorst; Alessandro Guasti,2026-08-21,"ABSTRACT What do workers in global value chains (GVCs) consider a good job? Research on work in GVCs largely studies compliance with standards set from the top‐down rather than worker preferences. Understanding worker preferences is crucial because workers are the intended beneficiaries of governance institutions; policies better aligned to their preferences could enjoy greater legitimacy and effectiveness. To explore what GVC workers want, we embedded an experiment in an original survey of 2500 workers in 50 formal Moroccan apparel factories integrated into GVCs. These workers highly valued jobs with characteristics that reduced their exposure to physical risks and provided job stability. They also had strong preferences for jobs with supervisors that treated workers respectfully. By contrast, worker preferences for wage increases available in the Moroccan context were weak, especially when compared with non‐wage features. Our results suggests that when wages are compressed and extended working hours is the main way to increase earnings, preferences for non‐wage attributes may dominate. We also find more similarities than differences between men and women workers; although women place greater value on respectful supervision, safety and childcare benefits, their overall preferences closely track those of men. These findings provide novel evidence to inform efforts to improve jobs in GVCs.",British Journal of Industrial Relations,https://doi.org/10.1111/bjir.70074,new,2026-09-01,2026-09-01T00:00:00Z
https://openalex.org/W4380235476,"Impacts of childhood disability on family: Labor, marriage, fertility, and depression",Kuan-Ming Chen; Ming‐Jen Lin; Wei-Lun Lo,2026-07-01,"Childhood disability has profound and far-reaching effects on family members. Using 20 years of administrative records from Taiwan’s National Health Insurance Research Database, we study cerebral palsy (CP), one of the most common causes of childhood disability. Leveraging CP’s congenital nature, its inability to be detected in utero, and its early diagnosis after birth, combined with rich administrative data, we employ an event study approach to examine its impacts on a wide range of parental outcomes, including labor supply, mental health, marital status, and fertility. Our findings show that having a child with CP reduces the mother’s likelihood of employment by 4.4 percentage points (pp), and increases the likelihood of divorce by 4.3 pp. The risk of maternal mental disorders is also increased. Additionally, we observe a significant long-term decline in fertility among affected families.",Journal of Public Economics,https://doi.org/10.1016/j.jpubeco.2026.105591,new,2026-09-01,2026-09-01T00:00:00Z
https://openalex.org/W4391429642,Short- and Long-Term Effects of Universal Preschool: Evidence from the Arab Population in Israel,Elad Demalach; Analía Schlosser,2026-04-29,"We estimate the causal impacts of universal preschool by leveraging a quasi-experimental design based on Israel’s implementation of free public preschool for children ages 3 and 4 beginning in September 1999. We focus on the Arab population, who were the main beneficiaries of the first phase of the law’s implementation. Using a difference-in-differences (DID) research design, we find that universal preschool enhanced individuals’ academic performance from elementary school through high school, improved the learning environment, and increased postsecondary enrollment. Additional benefits include reduced juvenile delinquency among males and decreased early marriage among females. (JEL I21, I24, I28, J15, J16)",American Economic Journal Economic Policy,https://doi.org/10.1257/pol.20240044,new,2026-09-01,2026-09-01T00:00:00Z
https://openalex.org/W7197008846,Legitimacy and Employment Relations Research: A Review and Research Agenda,Andy Hodder; Geneviève Coderre‐LaPalme; Colm McLaughlin; Ruth Reaney; Chris F. Wright,2026-08-05,"ABSTRACT This article provides a comprehensive review of existing research and develops an agenda for analyzing legitimacy in employment relations. It argues that legitimacy should be understood as a dynamic and contested process through which actors, institutions and policy ideas are legitimated, delegitimated and reworked. The article examines the legitimacy of employment relations ideas, the relationship between legitimacy, power and politics, the legitimacy of employment relations actors and of employment relations as a field of study. It concludes by locating the articles in this special issue within this broad agenda and draws out key insights for legitimacy research in employment relations.",Industrial Relations A Journal of Economy and Society,https://doi.org/10.1111/irel.70035,new,2026-09-01,2026-09-01T00:00:00Z
https://openalex.org/W3162528883,"Collective Bargaining Rights, Policing, and Civilian Deaths",Jamein P. Cunningham; Rob Gillezeau,2026-07-30,"Using an event-study design, we examine whether states' introduction of duty-to-bargain requirements for police unions led to meaningful changes in civilians killed by law enforcement. We find that the introduction of collective bargaining rights significantly increases the number of civilians killed by police, particularly among non-White civilians, while having limited effects on officer safety. Our results indicate that the adoption of bargaining rights for law enforcement can explain 14 percent of all non-White civilian deaths by legal intervention between 1959 and 1988. Given our findings, the idea that police unions exacerbate violence is empirically grounded. (JEL J15, J51, J52, K42)",American Economic Journal Economic Policy,https://doi.org/10.1257/pol.20230384,new,2026-09-01,2026-09-01T00:00:00Z
https://openalex.org/W4385771522,When It Hurts the Most: Timing of Parental Job Loss and a Child’s Education,Paul Bingley; Lorenzo Cappellari; Marco Ovidi,2026-08-04,"Abstract We estimate how the timing of parental job loss shapes children’s human capital by exploiting plant closures in Danish administrative data. We match treated children to observably similar untreated peers and difference out age-invariant selection using children whose parents are displaced after school completion. Job loss during infancy (ages 0–1) reduces ninth-grade mathematics achievement by 0.04 standard deviations and raises non-completion by 1 percentage point. Effects are smaller in later childhood. Treated infants are 1.4 percentage points less likely to enrol in general upper-secondary programmes. We find that liquidity-constrained households drive these results, suggesting that transient income shocks create permanent educational scars.",Journal of the European Economic Association,https://doi.org/10.1093/jeea/jvag048,new,2026-09-01,2026-09-01T00:00:00Z
https://openalex.org/W4414982405,Beyond Collective Agreements: The Rise of the Wage Cushion in Germany,André Rieder; Claus Schnabel,2026-05-03,"ABSTRACT Representative establishment data reveal that over 60% of German plants covered by collective agreements pay wages above the level stipulated in the agreements, creating a wage cushion between actual and contractual wages. While collective bargaining coverage has fallen over time, the prevalence of wage cushions has increased, particularly in eastern Germany. Cross‐sectional and fixed‐effects analyses for 2008–2023 indicate that in western Germany the presence of a wage cushion is mainly related to plant profitability, unemployment, and the business cycle. Plants which apply collective agreements at the firm rather than the sectoral level are less likely to have wage cushions since firm‐level agreements make it easier to explicitly take firm‐specific conditions into account. In eastern Germany, however, the explanatory power of these variables is considerably lower. Against the backdrop of falling bargaining coverage, the increasing prevalence of wage cushions suggests that the traditionally rigid German system of wage determination has become more flexible and differentiated.",Labour,https://doi.org/10.1111/labr.70014,new,2026-09-01,2026-09-01T00:00:00Z
https://openalex.org/W7203628264,The Limits of Convergence in the Enlarged Europe: Change in Labour Conditions in a Shipbuilder's Sites in Norway and Romania,Jon Erik Dølvik; Aurora Trif; Guglielmo Meardi; Ines Wagner,2026-08-16,"ABSTRACT In the 2000s, questions were open on whether the EU eastern enlargement would contribute to upwards or downwards convergence in labour standards, or even to divergence. Over two decades later, it is possible not only to attempt an answer, but also to identify the industrial relations processes that mediate economic integration between widely different countries. This paper does so by tracing how the East–West free movement of capital, labour, services and goods after enlargement has influenced labour standards within a shipbuilding company operating in Norway and Romania—two countries situated at the opposite poles of the extended European Single Market regarding labour costs and industrial relations systems. It compares how these mobility flows have impacted staffing practices, industrial relations, wages and working conditions in the respective yard subsidiaries, and identifies changes at three levels: market‐driven reallocation of capital and labour, institutional changes and industrial relations responses. As a result, two outcomes are observed. First, a process of convergence, whereby the two‐way mobility of production factors has contributed to levelling up of pay, facilitated by re‐regulation of wage setting institutions to counteract their erosion. Second, a process of fragmentation, driven by the outsourcing of work and by international labour and services mobility, which has deepened within‐country inequalities and shifted insecurity and risk onto the growing shares of subcontracted cross‐border workers. In the case of European shipbuilding, the single market has thus brought upward convergence of wages between countries and increased divergence of industrial relations, working conditions and economic risks within them.",British Journal of Industrial Relations,https://doi.org/10.1111/bjir.70075,new,2026-09-01,2026-09-01T00:00:00Z
https://openalex.org/W7167546205,Improving disability benefit take-up: Experimental evidence from a public information campaign in Vietnam,Michael Palmer,2026-07-01,"Despite substantial disability-related costs, participation in public disability benefit programs remains incomplete in many countries. This is particularly the case in low- and middle-income countries where disability programs are relatively new and awareness of eligibility rules may be limited. This paper evaluates whether reducing information frictions can increase enrolment in Vietnam's national disability benefits program. In a randomised controlled trial across 70 rural communes, standardised information about disability benefits was embedded within routine government loudspeaker broadcasts over a five-week period. Using commune-level administrative data observed approximately two years after the intervention, the results show that program enrolment was 9 percent higher in treated communes. The effects are larger among individuals classified with severe disabilities, for whom enrolment increased by 12 percent. Smaller effects are observed among persons with the most severe disabilities, who were likely already well covered by the program. Larger effects are also observed among children who are eligible for higher monthly disability pension amounts. These findings demonstrate that a low-cost and scalable information campaign delivered through existing government communication infrastructure can substantially increase participation in disability benefit programs.",Journal of Health Economics,https://doi.org/10.1016/j.jhealeco.2026.103163,new,2026-09-01,2026-09-01T00:00:00Z
https://openalex.org/W4407542121,Guaranteed Employment in Rural India: Intrahousehold Labor and Resource Allocation Consequences,Jorge Luis García,2026-04-29,"I investigate the intra-household labor and resource allocation consequences of an employment guarantee targeting rural households in India. The guarantee insures household earnings, replacing women as added workers and shutting down a motive for saving. Despite sizable program-job take-up, the guarantee decreases participation in other working activities, and, thus, the labor force participation of married women and total time worked by their husbands. The guarantee accounts for up to 30% of a recent countrywide decrease in rural female labor force participation. Though it increases household consumption, the guarantee reduces the command of household earnings by women, and, thereby, their wellbeing.",American Economic Journal Economic Policy,https://doi.org/10.1257/pol.20220332,new,2026-09-01,2026-09-01T00:00:00Z
https://openalex.org/W4403766595,Does Weaker Employment Protection Lower the Cost of Job Loss?,Marco Francesconi; Daniela Sonedda,2026-07-13,"Abstract Leveraging a major Italian reform enacted in July 2012 that eroded employment protection to workers on permanent contracts, we use detailed worker level administrative data to estimate how this reduction affected the cost of job loss. We employ a stacked event-study research design, comparing treated and untreated workers as they move from employment into nonemployment. Weakening employment protection led to additional penalties in terms of lower re-hiring earnings and lower re-employment probabilities. Heterogeneous effects of the reform deepened pre-existing divides, penalizing labor market outsiders, such as young workers, and curbing employment opportunities for individuals in poorer regions, such as the South.",The Journal of Human Resources,https://doi.org/10.3368/jhr.0725-14408r2,new,2026-09-01,2026-09-01T00:00:00Z
https://openalex.org/W7203749327,You Can't Always Get What You Want? Collective Bargaining Demands and Outcomes,Carl Gergs; Alice Kügler; David Zentler-Munro,2026-08-19,"ABSTRACT Trade union demands are a key input for collective bargaining negotiations (CBNs). However, there is little quantitative evidence on these demands and how they shape CBN outcomes. We digitize novel data on union demands for wages and non‐wage amenities to examine the relationship between demands and outcomes in German CBNs from 1993 to 2019. We find CBNs cover a rich set of non‐wage amenities in addition to wages. We show how these objectives are traded off against each other in the demands made by unions and in the outcomes of CBNs. We further investigate how CBNs reflect macroeconomic and labor market conditions.",Industrial Relations A Journal of Economy and Society,https://doi.org/10.1111/irel.70038,new,2026-09-01,2026-09-01T00:00:00Z
https://openalex.org/W4384129986,"Monopsony, Efficiency, and the Regularization of Undocumented Immigrants",George J. Borjas; Anthony Edo,2026-08-07,"Abstract In 1981, President Mitterrand regularized the status of undocumented immigrants in France, who comprised 12 percent of the non-French workforce and about 1 percent of all workers. Employers have monopsony power over undocumented workers because the undocumented find it costly to participate in the open market. By alleviating this labor market imperfection, a regularization program can move the market closer to the efficient competitive equilibrium and increase employment and wages for the authorized workforce. Our empirical analysis reveals that the Mitterrand regularization program raised employment and wages for low-skill native and immigrant men and increased per-capita GDP.",The Journal of Human Resources,https://doi.org/10.3368/jhr.0325-14167r2,new,2026-09-01,2026-09-01T00:00:00Z
https://openalex.org/W7172425179,Algorithmic wage setting on online labor platforms,Herbert Dawid; Philipp Harting; Michael Neugart,2026-08-04,"Online digital labor platforms are increasingly important as tools for matching employers and workers. They reduce labor market frictions and provide the opportunity for remote work, but concerns have been raised about whether workers receive adequate incomes. We study how the use of machine-learning based algorithms for the determination of wage offers affects workers’ wages on online labor platforms by setting up a simulation framework and analyzing outcomes under different assumptions about platform and algorithm design. Firms use reinforcement-learning to update posted wages on the platform, and heterogeneous workers send applications based on the posted information. We show that, if firms use a deep Q-network (DQN), a state-of-the-art machine learning algorithm, collusive wages emerge when the number of competitors is small, and no experience replay is used. Our findings are robust across many features of the model, including the design of the online labor platform.",Labour Economics,https://doi.org/10.1016/j.labeco.2026.102945,new,2026-09-01,2026-09-01T00:00:00Z
https://openalex.org/W7167469527,In Their Shoes: Empathy Through Information,Marianne Andries; Leonardo Bursztyn; Thomas Chaney; Milena Djourelova; Alex Imas,2026-07-06,"Abstract We explore the mechanics of empathy. We show that information about an outgroup can activate and magnify empathy when presented in conjunction with an experience simulating their struggles. This response increases the willingness to help the struggling group. We provide evidence for this effect in an immersive virtual reality experiment where participants (witnesses) experience a simulation of the struggle of unauthorized migrants (protagonists), then replicate these results in a series of controlled lab experiments. We show that information enhances the witnesses’ empathetic response and drives them to engage in more prosocial behavior when it increases their perceived interpersonal similarity, or relatability to the protagonist—an effect we trace to attention: eye-tracking data reveal that information provision concentrates witnesses’ gaze on the struggles of the protagonist instead of searching through peripheral elements of the scene. Conversely, only information packages that strengthen perceived relatability—an effect that can vary across subgroups with heterogeneous attributes—magnify empathy. Together, our evidence suggests that the ability to put oneself in the shoes of another person or group can be enhanced by activating empathy through simple, targeted, information provision.",The Quarterly Journal of Economics,https://doi.org/10.1093/qje/qjag033,new,2026-09-01,2026-09-01T00:00:00Z
https://openalex.org/W4408872520,Are elites meritocratic and efficiency-seeking? Evidence from MBA students,Marcel Preuß; Germán Morong Reyes; Jason Somerville; Joy Wu,2026-06-23,NA,Journal of Public Economics,https://doi.org/10.1016/j.jpubeco.2026.105700,new,2026-09-01,2026-09-01T00:00:00Z
https://openalex.org/W4406928954,Understanding Cost Pass-Through When Prices Are Dispersed,Luke Garrod; Ruochen Li; Antonio Russo; Chris M. Wilson,2026-02-10,"Abstract We study cost pass-through in a model of price dispersion where consumers differ in the number of firms they consider. By analysing how cost changes affect each quantile of the price distribution, we demonstrate how the effects on price dispersion and consumers’ expected purchase prices depend upon whether demand is log-concave or log-convex. We further show that consumers who consider fewer firms tend to experience a relatively smaller change to their surplus. This provides new insights into the distributional consequences of cost changes. Additionally, we examine the relation to demand shocks and the roles of competition and endogenous consideration sets.",The Economic Journal,https://doi.org/10.1093/ej/ueag097,new,2026-09-01,2026-09-01T00:00:00Z
https://openalex.org/W7116320038,Labor market dynamics in a highly competitive industry,Francesco Principe; Jan C. van Ours,2025-12-20,"We study labor market dynamics of workers in a highly competitive industry with a highly competitive labor market. We focus on the relationship between workers’ age, wages, and productivity. Our analysis uncovers an inverse U-shaped relationship. While some wage adjustments occur within the current firm, job mobility plays a crucial role in shaping wage trajectories. There is assortative matching with highly productive workers moving to highly productive firms, while less productive workers gravitate towards less productive firms. Our findings suggest that both in-firm wage progression and wage growth via job mobility contribute to a close alignment between wages and productivity throughout workers’ careers.",Labour Economics,https://doi.org/10.1016/j.labeco.2025.102845,new,2026-09-01,2026-09-01T00:00:00Z
https://openalex.org/W4402748805,Navigating Unemployment Without Unemployment Insurance: Evidence From Singapore,Seonghoon Kim; Lanjie Wang,2026-06-22,"ABSTRACT This study investigates the short‐term impacts of unemployment among older workers (aged 50–62) in Singapore, a setting without public unemployment insurance. Using monthly panel data from the Singapore Life Panel, we analyse dynamic effects on major life outcomes such as income, spending, health, and subjective wellbeing over 2 years post‐unemployment. Our findings reveal substantial initial earnings losses with incomplete recovery: income remains 50.7% below pre‐unemployment levels after 24 months. Despite this persistent income gap, total household expenditure declines by 9.8% on average over 2 years (ranging from 7% to 16% across months). The implied two‐year marginal propensity to consume is about 0.182, smaller than estimates in countries with more extensive social insurance, consistent with partial self‐insurance mechanisms. We observe increased retirement and self‐employment but no significant spousal earnings response. While health status remains largely unchanged, we find substantial declines in life satisfaction.",Oxford Bulletin of Economics and Statistics,https://doi.org/10.1111/obes.70106,new,2026-09-01,2026-09-01T00:00:00Z
https://openalex.org/W7167921920,"Algorithms, Humans, and Racial Disparities in Child Protection Systems: Evidence From the Allegheny Family Screening Tool",Katherine Rittenhouse; Emily Putnam‐Hornstein; Rhema Vaithianathan,2026-07-10,"ABSTRACT Equity concerns are a primary constraint in the adoption of algorithms across various settings. We ask how providing decision‐makers with a predictive risk model affects racial disparities in the context of the child protection system. We exploit the implementation of the Allegheny Family Screening Tool (AFST), a tool that aims to help child protection workers decide which allegations of maltreatment to screen in for investigation. We find that the AFST reduced disparities in screening decisions and home removal rates for referrals involving Black versus White children. An analysis of false positive and false negative rates suggests that this reduction in disparities was achieved while improving welfare among both Black and White children.",Journal of Policy Analysis and Management,https://doi.org/10.1002/pam.70121,new,2026-09-01,2026-09-01T00:00:00Z
https://openalex.org/W7171877484,Changing jobs: worker mobility and wages in the UK labour market,Pinjas Albagli; Nye Cominetti; Rui Costa; Andrew Eyles; Guglielmo Ventura,2026-08-05,"Abstract We study the role of job‐to‐job transitions in shaping wage dynamics in the UK. We show that job moves have continued to generate substantial wage gains for movers even during a period of real wage stagnation and declining labour market mobility. Using an econometric model that accounts for worker, firm and match heterogeneity, we decompose the job mobility premium, and find a limited role for worker and firm effects, with most of the return explained by match‐specific factors. We also examine the determinants of job mobility, and show that much of its recent decline reflects compositional changes in the workforce, particularly ageing and increasing occupational professionalization. We conclude by discussing the policy challenges of promoting job mobility as a driver of wage growth and more efficient labour market reallocation.",Economica,https://doi.org/10.1111/ecca.70067,new,2026-09-01,2026-09-01T00:00:00Z
https://openalex.org/W7171464312,The Chains That Bind? Restrictive Covenants and Labor Market Entrants' Perceived Occupational Mobility,Vincent Jerald Ramos; Benjamin Radoc,2026-07-27,"ABSTRACT Using a conjoint experiment on highly educated labor market entrants in the Philippines, we examine how restrictive covenants shape perceived occupational mobility. Respondents compared hypothetical jobseeker profiles with randomized non‐compete, training repayment, and non‐solicitation clauses, then chose the likely applicant to four mobility pathways: vertical or lateral jobs within or across industries. Findings show that non‐compete clauses deter within‐industry and encourage across‐industry perceived mobility. Training repayment and non‐solicitation clauses exert targeted effects depending on scope conditions. Finally, these patterns hold across contractual breadth and firms' monitoring stringency, and are attenuated by positive beliefs about loyalty norms and perceived sufficiency of legal recourse.",Industrial Relations A Journal of Economy and Society,https://doi.org/10.1111/irel.70037,new,2026-09-01,2026-09-01T00:00:00Z
https://openalex.org/W7172282955,"Labor Market Responses to Tariffs: Frictions, Dynamics, and Policy Responses",Rafael Dix-Carneiro; Brian K. Kovak,2026-08-01,"This article introduces the evidence and associated modeling frameworks contemporary economists use to understand the effects of trade and trade policy on labor markets, with a particular emphasis on labor-market frictions and adjustment dynamics. The effects of trade shocks differ across industries, regions, and occupations, implying the presence of important adjustment frictions in labor markets, and these effects evolve slowly over time, implying the need for dynamic frameworks rationalizing slow transitions. After reviewing the key insights from this literature, we discuss policies aimed at mitigating costs to workers and ensuring that the gains from trade are shared more equitably.",The Journal of Economic Perspectives,https://doi.org/10.1257/jep.20251489,new,2026-09-01,2026-09-01T00:00:00Z
https://openalex.org/W3143537747,What Makes a Tax Evader?,Marcelo Bérgolo; Martí­n Leites; Ricardo Pérez-Truglia; Matias Strehl,2026-01-28,"Abstract Why do some individuals evade taxes while others do not? We study this question using administrative tax records from Uruguay linked to a tailored survey of taxpayers. Using third-party reports, we measure individual income under-reporting as an indicator of evasion. We then examine how three factors predict who evades: social preferences (e.g., honesty measured through incentivized laboratory games), peers (e.g., the behavior of current and former coworkers), and economic factors (e.g., the marginal tax rate). We find that social preferences have little power to predict evasion, while economic factors matter more and peer behavior is the strongest predictor.",The Review of Economics and Statistics,https://doi.org/10.1162/rest.a.1733,new,2026-09-01,2026-09-01T00:00:00Z
https://openalex.org/W7166843595,Contractual Minimum Wages and Collective Bargaining. Italian Evidence From 40 Years of Data,Bernardo Fanfani,2026-06-30,"ABSTRACT This study documents the evolution of minimum wages bargained in Italian collective contracts over a 40‐year period (1983–2023). Real minimum wages have grown over the last three decades, particularly among high‐skilled occupations, but the 2022–2023 inflation crisis eroded this growth. Nominal minimum wage growth is strongly correlated with inflation, but not with sectoral productivity and unemployment, which is consistent with coordination across industries and real rigidity. Increasing differences between high‐ and low‐skilled occupation minimum wages explain around one‐third of the overall growth in the inequality of full‐time equivalent daily wages that has occurred in Italy during the 1990s.",Industrial Relations A Journal of Economy and Society,https://doi.org/10.1111/irel.70034,updated,2026-07-03,2026-09-01T10:24:03Z
https://openalex.org/W7165200536,The Impact of Minimum Wage Increases on Job Transitions: Evidence from Mexico,Raymundo M. Campos-Vázquez; Atzin Chiguil-Rojas; M. Ehekatzin García-Guzmán,2026-06-01,NA,Journal of Labor Research,https://doi.org/10.1007/s12122-026-09387-6,old,2026-06-20,2026-06-20T00:00:00Z
https://openalex.org/W7144345620,The labor market effects of subminimum wage elimination: Evidence from a national analysis,Michelle Yin; Regina Seo; Hoa Vu,2026-03-31,NA,Labour Economics,https://doi.org/10.1016/j.labeco.2026.102884,old,2026-06-19,2026-06-19T00:00:00Z
https://openalex.org/W3124699852,Job Dispersion and Compensating Wage Differentials,Paul J. Sullivan; Ted To,2025-11-14,"The empirical literature seeking evidence of compensating wage differentials has a mixed history. Although there have been some successes, much of this research finds weak support for the theory of equalizing differences. The authors of this article argue that this weak support is the result of bias due to dispersion in total job values, or “job dispersion.” They investigate this bias by estimating a structural on-the-job search model that allows jobs to be differentiated by both wages and job-specific non-wage utility. An on-the-job search model features job dynamics, job offer dispersion, and unobserved heterogeneity in worker ability. Estimating simple hedonic wage regressions using simulated data from the model reveals that estimates of the marginal willingness to pay for non-wage job characteristics are severely attenuated. While worker heterogeneity and job dynamics are important sources of bias, another significant source is job offer dispersion. Even controlling for ability, job dynamics, and their interaction, 44% of the variation in wages remains unexplained.",Industrial and Labor Relations Review,https://doi.org/10.1177/00197939251383858,updated,2026-06-17,2026-09-24T10:24:50Z
https://openalex.org/W4412869033,"Book Review: <i>The Master’s Tools: How Finance Wrecked Democracy (and a Radical Plan to Rebuild It)</i> . By Michael A. McCarthy The Master’s Tools: How Finance Wrecked Democracy (and a Radical Plan to Rebuild It). By McCarthyMichael A.London and New York: Verso, 2025. 272 pp. ISBN 9781788730662, $29.95 (hardcover).",Paul S. Adler,2025-08-03,NA,Industrial and Labor Relations Review,https://doi.org/10.1177/00197939251361029,old,2026-06-14,2026-06-14T00:00:00Z
https://openalex.org/W4412076804,Effects of the Minimum Wage on Employment of Young Adults With Cognitive Disabilities,Barry R. Chiswick; Hope Corman; Dhaval Dave; Nancy E. Reichman,2025-07-01,"ABSTRACT We estimate the effects of increases in the minimum wage on labor market outcomes of young adults (ages 21–49) with cognitive disabilities, a vulnerable and low‐skilled group, using data from the American Community Survey (2008–2023) and a generalized difference‐in‐differences research design. We found that a higher effective minimum wage reduces employment and labor force participation but has inconclusive effects on labor supply at the intensive margin for this group. Effects were stronger for those with lower educational attainment. We found no significant labor market effects of an increase in the minimum wage for individuals with ambulatory/sensory disabilities or in the non‐disabled population.",Southern Economic Journal,https://doi.org/10.1002/soej.70043,old,2026-06-11,2026-06-11T00:00:00Z
https://openalex.org/W7161946422,The employment effects of disability benefit reassessment,Anikó Bíró; Cecília Hornok; Judit Krekó; Dániel Prinz; Ágota Scharle,2026-05-21,NA,Journal of Public Economics,https://doi.org/10.1016/j.jpubeco.2026.105652,old,2026-05-26,2026-05-26T00:00:00Z
https://openalex.org/W7161841940,Did the 2005 French Disabled workers Act increase the employment rate of people with disabilities? An econometric evaluation on panel data,Thomas Barnay; Emmanuel Duguet; Yann Videau,2026-05-20,"Abstract This paper delivers the first evaluation of the 2005 French Disability Act, which was introduced to promote the employment of disabled people. The Act relies primarily on a legal employment quota for disabled people, with levies imposed in cases of non-compliance. We apply panel data methods equivalent to double and triple difference methods to the French Santé et Itinéraire Professionnel (SIP) survey (Survey on Health and Labour Market Histories). First, we estimate the effect of disability on the employment rate, finding a strong negative effect which is most pronounced among men and the oldest workers. However, since some observable characteristics of disabled workers, such as age, gender and education, vary over time, we extend our model to isolate the causal effect of the reform on the employment rate of disabled workers by taking into account the pre-reform (1991–2004) and post-reform (2005–2009) periods. Our findings suggest that the 2005 Act has met its initial objective, positively impacting the employment rate of disabled individuals, particularly in the private sector. The reform appears to have compensated for approximately half of the effect of disabilities on the employment rate. We also find that the reform's effect has been stronger for workers with secondary education.",Empirical Economics,https://doi.org/10.1007/s00181-026-02923-4,old,2026-05-22,2026-05-22T00:00:00Z
https://openalex.org/W7144029987,Spillovers in State Capacity Building: Evidence from the Digitization of Land Records in Pakistan,Shan Aman-Rana; Clement Minaudier,2026-03-31,"Digitization reforms have been hailed as an effective way of strengthening state capacity. However, digitization can also fundamentally reshape the organization of bureaucracies. Using a unique administrative dataset on agricultural taxation and surveys of local bureaucrats from Punjab, Pakistan, we show that digitization reforms can have unintended consequences for state capacity. We exploit the staggered rollout of the digitization of land records in Punjab to show that digitization had a negative effect on tax collection. The fall in taxes was not due to a decrease in the tax base. Instead, digitization affected the bureaucrats’ capacity to collect taxes. (JEL D73, H11, H71, O12, O17)",American Economic Review,https://doi.org/10.1257/aer.20240880,old,2026-05-11,2026-05-11T00:00:00Z
https://openalex.org/W7151388776,The impact of armed conflict exposure on altruistic and parochial preferences,Arzu Kıbrıs; Harry Pickard; Neslihan Uler,2026-04-07,"How does exposure to armed conflict shape altruistic behavior? We address this question by building on a natural experiment created by a military conscription system with an innovative study design that allows us to identify the causal effects and isolate individual-level mechanisms from broader societal changes. Measuring altruism and parochialism through a lab-in-the-field experiment, we find conflict-exposed conscript veterans to display significant out-group derogation. A more detailed accounting of exposure shows the bias to concentrate among those with war traumas which, alongside out-group derogation, cause these individuals to display significant in-group favoritism, as well. Further analysis points to psychological mechanisms.",European Economic Review,https://doi.org/10.1016/j.euroecorev.2026.105337,old,2026-04-26,2026-06-19T10:05:02Z
https://openalex.org/W4416973462,The Present and Future of Works Councils and Changes in Collective Bargaining in Germany*,John T. Addison,2025-12-01,NA,Journal of Labor Research,https://doi.org/10.1007/s12122-025-09377-0,old,2026-04-20,2026-04-20T00:00:00Z
https://openalex.org/W4224096683,Labor Demand on a Tight Leash,Mario Bossler; Martin Popp,2026-04-08,"Using detailed information on vacancies and job seekers, the authors study the effect of labor market tightness on labor demand for the near-universe of German firms. To this end, novel Bartik instruments are constructed that combine firms’ predetermined employment shares with nationwide shifts at the occupational level. The results show that tightness significantly reduces firms’ labor demand, implying that the observed doubling in tightness between 2012 and 2019 reduced employment by 5%. At the aggregate level, the negative tightness effect creates search externalities, which reduce the own-wage elasticity of labor demand from −0.7 to −0.5 through reallocation of workers between firms. To guide the analysis, the authors embed elements of the canonical search-and-matching model into a labor demand equation, while allowing vacancy posting costs to increase in tight markets. Through the lens of this model, the pre-match component of hiring costs amounts to 16–24% of annual wage payments.",Industrial and Labor Relations Review,https://doi.org/10.1177/00197939261435961,old,2026-04-14,2026-04-14T00:00:00Z
https://openalex.org/W4404680657,Dissecting Child Penalties,Pierre Pora; Lionel Wilner,2025-05-29,"The authors relate mothers’ children-related labor earnings losses, referred to here as child penalties, to their location in the distribution of potential hourly wages. Using French administrative data and based on an event study approach, the authors show that the magnitude of these earnings losses decreases steeply along that distribution. This heterogeneity is the result of low-wage mothers leaving the labor market and more frequently reducing their working hours. By contrast, fathers’ labor market outcomes do not vary upon the arrival of children, regardless of their location in the distribution of potential hourly wages. These marked differences suggest that the pervasive part of life-cycle gender inequality associated with parenthood is related to both financial incentives and gender norms.",Industrial and Labor Relations Review,https://doi.org/10.1177/00197939251342494,old,2026-04-05,2026-04-05T00:00:00Z
https://openalex.org/W4410983158,Can past informality impede registered firms’ access to credit?,Dorgyles Kouakou,2025-06-03,"Using firm-level data from the World Bank Enterprise Surveys, covering 159 countries from 2006 to 2023, we examine whether past informality affects the credit constraints of registered firms. Estimations, based on the entropy balancing method, indicate that registered firms that began operations informally are more likely to be credit-constrained than those that started in the formal sector. This finding is extremely robust to a variety of robustness tests, including instrumental variables, propensity score matching, potential omitted variables, restricted samples, alternative measures of credit constraints, and different specifications such as Linear Probability, Logit, and Probit models. Heterogeneity analysis reveals that the detrimental impact of past informality lessens with firm size, firm age, and better structural factors like regulatory quality, trade openness, entrepreneurial dynamism, and public spending. Productivity, competition from the informal sector, and the quality of financial statements are key channels through which past informality increases credit constraints for registered firms.",Journal of Comparative Economics,https://doi.org/10.1016/j.jce.2025.05.002,old,2026-04-05,2026-04-05T00:00:00Z
https://openalex.org/W4413014350,Publication Bias and Model Uncertainty in Measuring the Effect of Class Size on Achievement,Matěj Opatrný; Tomáš Havránek; Zuzana Iršová; Milan Ščasný,2025-08-06,"Class size reduction mandates are frequent and invariably justified by studies reporting positive effects on student achievement. Yet other studies report no effects, and the literature as a whole awaits correction for potential publication bias. Moreover, if identification drives results systematically, the relevance of individual studies will vary. We build a sample of 1,767 estimates collected from 62 studies and for each estimate codify 42 factors reflecting estimation context. We employ recently developed nonlinear techniques for publication bias correction and Bayesian model averaging techniques that address model uncertainty. The results suggest publication bias among studies featured in top five economics journals, but not elsewhere. The implied class size effect is zero for all identification approaches except Tennessee's Student/Teacher Achievement Ratio project. The effect remains zero for disadvantaged students and across subjects, school types, and countries.",Journal of Labor Economics,https://doi.org/10.1086/737989,old,2026-04-05,2026-04-05T00:00:00Z
https://openalex.org/W4414974569,Asymmetric labor supply responses to tax rate reform: Experimental evidence,Katharina Pfeil; Matthias Kasper; Sarah Necker; Lars P. Feld,2025-10-09,"We study how individuals adjust their labor supply in response to tax reforms that alter income tax progressivity. In an online experiment with 522 participants, we compare responses to reforms that replace a progressive tax system with a flat tax and vice versa. We find asymmetric effects: labor supply increases when a progressive regime is replaced by a flat tax system, but does not decline when progressivity is introduced. This increase in labor provision occurs only when the reform lowers the marginal tax rate, not when it raises it. Our results suggest that labor supply responses to tax reforms are nuanced and path-dependent: reforms change behavior when they ease tax burdens for individuals who were previously discouraged from working more due to progressive thresholds.",Labour Economics,https://doi.org/10.1016/j.labeco.2025.102810,updated,2026-04-05,2026-09-01T10:24:03Z
https://openalex.org/W7127157124,The (In)effectiveness of Targeted Payroll Tax Reductions,Alessandra Fenizia; Nicholas Y Li; Luca Citino,2026-01-31,"Abstract This paper studies the cost-effectiveness of targeted payroll taxes for stimulating labour demand. It uses rich administrative data to study the effects of an Italian reform that raised social security contributions for apprenticeship contracts, but granted a substantial discount for firms with nine employees or less. The discount does not increase demand for apprenticeship contracts. Instead, it subsidises inframarginal hiring. This reform is not cost-effective. Point estimates imply that each million euros of foregone social security contributions supports the employment of twenty-nine apprentices for one year and no permanent contracts (these estimates are not statistically different from zero).",The Economic Journal,https://doi.org/10.1093/ej/ueag017,updated,2026-04-05,2026-09-01T10:24:03Z
https://openalex.org/W7130718300,Fiscal drag in theory and in practice: A European perspective,Esteban García-Miralles; Maximilian Freier; Sara Riscado; Chrysa Leventi; Alberto Mazzon; Glenn Abela; Laura Boyd; Baiba Brusbārde; Marion Cochard; David Cornille; Emanuele Dicarlo; Ian Debattista; Mar Delgado-Téllez; Mathias Dolls; Ludmila Fadejeva; Maria Flevotomou; Florian Henne; Alena Harrer-Bachleitner; Viktor Jászberényi-Király; Max Lay; Laura Lehtonen; Mauro Mastrogiacomo; Tara McIndoe-Calder; Mathias Moser; Martin Nevicky; Andreas Peichl; Myroslav Pidkuyko; Mojca Roter; Frédérique Savignac; Andreja Strojan Kastelec; Vaidotas Tuzikas; Nikos Ventouris; Lara Wemans,2026-02-20,NA,European Economic Review,https://doi.org/10.1016/j.euroecorev.2026.105275,old,2026-04-05,2026-04-05T00:00:00Z
https://openalex.org/W7147571898,“Compensate the Losers?” Economic Policy and the Origins of U.S. Partisan Realignment,Ilyana Kuziemko; Nicolas Longuet-Marx; Suresh Babu Krishna Naidu,2026-03-31,"Abstract We argue that the Democratic Party’s evolution on economic policy helps explain partisan realignment by education. First, we document that educated Americans differentially oppose “predistribution” (e.g., job guarantees, higher minimum wages, protectionism, and stronger unions), while the educational gradient for redistribution (taxes and transfers) is close to zero. These relationships have been largely unchanged since the 1940s. Second, focusing on politicians and donors as key party actors, we show that the Democratic Party has moved away from predistribution since the 1970s. The number of predistribution bills introduced by Democratic House Speakers has declined by half since the 1970s. Unions—the traditional lobbying force for predistribution—see their share of Democratic Party PAC donations decline from 90% to 40% from 1968 to 1980, following 1970s legislation that facilitated corporate PAC donations. From 1980 onward, the Democrats rely increasingly on individual contributions from educated donors relative to the Republicans. We show the increased reliance on corporate PACs and educated donors is driven by the rise of a self-described “New Democrat’’ faction particularly conservative on predistribution and social issues. Finally, we trace the reaction of voters to these changes in the Democratic Party. Less-educated Americans begin to leave the party in the 1970s, after decades of serving as its base. We also show that in the crucial transition period of the 1970s through 1990s, New Democrat candidates outperform other Democrats among more-educated voters in both survey questions and actual Congressional elections. As the New Democrats are more socially conservative than other Democrats, their success with educated voters suggests that social issues alone cannot explain educational realignment.",The Quarterly Journal of Economics,https://doi.org/10.1093/qje/qjag019,updated,2026-04-03,2026-09-24T10:24:50Z
https://openalex.org/W3009819562,Unemployment and tax design,Albert Jan Hummel,2025-04-18,"This paper studies optimal income taxation in an environment where matching frictions generate a trade-off for workers between high wages and low unemployment risk. A higher marginal tax rate shifts the trade-off in favor of low unemployment risk, whereas a higher tax burden or unemployment benefit has the opposite effect. Changes in unemployment generate fiscal externalities, which modify optimal tax formulas. I show that optimal employment subsidies (such as the EITC) phase in with income and that the provision of unemployment insurance justifies a positive marginal tax rate even without income heterogeneity. A calibration exercise to the US economy suggests that optimal transfers for low-income individuals are larger if unemployment risk is taken into account.",Journal of Public Economics,https://doi.org/10.1016/j.jpubeco.2025.105359,old,2026-03-30,2026-04-05T06:47:52Z
https://openalex.org/W4413792960,The effects on inequality and mobility of exposure to Soviet Communism in Eastern Europe,Joan Costa‐Font; Anna Nicińska; Melcior Rosselló Roig,2025-08-28,"We compare inequality and social mobility trends in Eastern European countries exposed to Soviet Communist (SC) regimes with those not exposed, using similar welfare measures. We draw upon a rich retrospective dataset that collects relevant welfare measures across regimes including information on living space and self-reported health, and relevant inequality and mobility indices for ordinal and categorical data. Our results suggest evidence of comparable welfare inequality trends in countries exposed to SC and those unexposed. Although individuals exposed to SC enjoyed higher levels of social mobility, differences in inequality across countries exposed to different regimes were negligible. A plausible explanation lies in the countervailing role of the welfare state in countries not exposed to SC and the inefficiency of the bureaucratic allocation of private goods aimed at reducing inequality in countries exposed to SC.",Journal of Comparative Economics,https://doi.org/10.1016/j.jce.2025.07.012,old,2026-03-22,2026-06-14T08:58:53Z
https://openalex.org/W4408671651,"Declining earnings inequality, rising income inequality: What explains discordant inequality trends in the United States?",Zachary Parolin; Lukas Lehner; Nathan Wilmers,2025-03-20,NA,Journal of Public Economics,https://doi.org/10.1016/j.jpubeco.2025.105337,old,2026-03-18,2026-03-19T06:44:24Z
https://openalex.org/W3044596204,Monopsony and the Wage Effects of Migration,Michael Amior; Alan Manning,2025-07-03,"Abstract If labour markets are competitive, migration can only affect native wages via marginal products. But under imperfect competition, migration may also increase wage mark-downs—if firms have greater monopsony power over migrants than natives, but cannot perfectly wage discriminate. While marginal products depend on relative labour supplies across skill cells, mark-downs depend on migrant concentration within them. This insight can help rationalise empirical violations of canonical migration models. Using US data, we conclude that migration does increase mark-downs: this expands aggregate native income, but redistributes it from workers to firms. Policies which constrain monopsony power over migrants can mitigate these adverse wage effects.",The Economic Journal,https://doi.org/10.1093/ej/ueaf053,old,2026-03-18,2026-03-18T00:00:00Z
https://openalex.org/W7135404035,The EITC and occupational mobility,Andrew Yizhou Liu,2026-03-01,"Abstract I estimate that the implementation of state-level Earned Income Tax Credit (EITC) supplements results in a 3% reduction in the likelihood of downward occupational mobility among single mothers aged 19 to 35. This outcome, characterized by an elasticity of $$-$$ - 1.4, is not attributable to shifts in occupational distribution, wage changes, variations in workforce participation, or alterations in working hours. Rather, it aligns with the EITC’s enhanced compensation for mid-wage occupations, which diminishes the incentive for workers to transition into lower-wage roles. This evidence suggests that the EITC may exert a lasting effect on the skill development of employed workers, beyond its immediate financial benefits.",Empirical Economics,https://doi.org/10.1007/s00181-026-02892-8,updated,2026-03-17,2026-09-01T10:24:03Z
https://openalex.org/W4411116433,The employment effects of a means-tested guaranteed income policy,Timo Verlaat; Federico Todeschini; Xavier Ramos,2025-06-07,"Through a randomized controlled trial, we study the labor market effects of a generous means-tested guaranteed income policy targeting low-income families in Barcelona. Two years into the program, beneficiaries are 22 % less likely to work compared to subjects assigned to a control group. A lower phase-out of transfers attenuates negative employment effects and reduces the government cost per euro of benefit by two-thirds. Participation elasticities for a family of four range from 0.39 to 0.49. Treatment effects persisted at least 6 months after the program ended. We find indications that effects are driven by subjects with care duties, suggesting substitution of labor for care tasks. • We study the labor supply response of low-income individuals to a means-tested guaranteed income program through an RCT. • Assignment to the program reduced labor participation by 22 %. • Negative employment effects are larger when phase-out marginal tax rates are larger. • Participation elasticities for a family of four range from 0.39 to 0.49. • We find tentative evidence of substitution of labor for caregiving.",Journal of Public Economics,https://doi.org/10.1016/j.jpubeco.2025.105420,old,2026-03-15,2026-03-21T06:06:49Z
https://openalex.org/W4412965055,The Shape of the Business Cycle: The View From U.S. States,Travis J. Berge; Damjan Pfajfar,2025-07-18,"ABSTRACT We produce business cycle chronologies for U.S. states and use them to study the shape of business cycles. We first provide strong evidence for positive duration dependence, that is to say, longer business cycle phases are, all else equal, more likely to end. However, the effect is overwhelmed by the impact of other macroeconomic indicators such as the stance of monetary policy, slope of the yield curve, and state‐specific characteristics. We further examine the relationship between the previous phase of the business cycle and the current one. We find that the shape of a given expansion is altered by the depth of the recession that preceded it, consistent with Milton Friedman's plucking model. However, we find little evidence that recessions are influenced by the preceding expansion.",Oxford Bulletin of Economics and Statistics,https://doi.org/10.1111/obes.70004,old,2026-03-15,2026-03-15T00:00:00Z
https://openalex.org/W7127665819,The Economics of Noncompete Clauses,Evan Penniman Starr,2026-02-01,"For over 600 years, debates over noncompete clauses have centered on whether they function as efficient contracting tools or anticompetitive restraints on workers. This article reassesses that debate in light of recent policy attention and new empirical and theoretical research. Proponents argue that noncompetes are necessary to protect investments in training and trade secrets, increasing productivity and wages. However, recent studies indicate that the widespread use of noncompetes—frequently extending beyond roles involving sensitive information—and their enforceability lower mobility, wages, innovation, and entrepreneurship. Moreover, in many cases, less restrictive contractual terms appear to safeguard firm interests. Evidence of spillovers to other workers and across state boundaries, as well as behavioral effects even when noncompetes are unenforceable, raises questions about whether existing state-level enforcement regimes adequately address their observed impacts.",The Journal of Economic Perspectives,https://doi.org/10.1257/jep.20251457,updated,2026-03-15,2026-09-24T10:24:50Z
https://openalex.org/W7117373766,Wages and Working Conditions in Global Value Chains: The Relevance of Foreign Ownership in New Sourcing Countries,Luc Fransen; Khadija van der Straaten; Ans Kolk; Victor Hartman; Kea Tijdens,2025-12-26,"ABSTRACT The debate on the relationship between labour conditions in manufacturing sectors and global value chain (GVC) participation takes a new turn with the emergence of sub‐Saharan African (SSA) economies as important sourcing destinations. With lower levels of economic development, and significantly lower wages than most other exporting countries, the question is how the insertion of SSA firms in GVCs affects workers in these countries—and who reap(s) the benefits. Interestingly, foreign owners of manufacturing facilities have received little scholarly attention, in contrast to the heavily scrutinized multinational companies (‘brands’) that buy from them. This article studies the Ethiopian apparel sector, which has sought integration in the global apparel chain exclusively on a cheap labour ticket. On the basis of unique worker‐level data, we analyse wages and working conditions, comparing foreign‐ and domestic‐owned factories, and those producing for export or the domestic market. We find that workers in foreign‐owned factories producing for GVCs have significantly lower wages and freedom of association, but better occupational safety and health than their peers in factories producing for the local market. We conclude that to alleviate poverty and poor working conditions in GVCs, global buyers are not the only key players to consider.",British Journal of Industrial Relations,https://doi.org/10.1111/bjir.70029,old,2026-03-15,2026-05-06T08:01:42Z
https://openalex.org/W4415297010,Consequences of job loss for routine workers,Yaroslav Yakymovych,2025-10-17,"Abstract If displaced in mass layoffs, routine workers are hit by the combination of a severe shock and a long-term decrease in demand for their skills due to automation. I use matched employer–employee data from Sweden to show that displaced routine workers have worse labour market outcomes than displaced non-routine workers. Furthermore, a significant share of their earnings losses is passed through to disposable income, meaning that routine workers are not compensated by social insurance. I also find evidence in favour of routine workers’ larger losses being caused by the irrelevance of their pre-displacement occupation-specific human capital. Routine workers are more likely to switch occupations and industries upon re-employment. Their wages upon re-employment are lower compared to non-routine workers and compared to the mean wage in their new occupation. I do not find evidence that switching to a non-routine occupation reduces losses, with switchers instead appearing to do worse in the short-to-medium run.",Empirical Economics,https://doi.org/10.1007/s00181-025-02827-9,old,2026-03-15,2026-03-21T06:06:49Z
https://openalex.org/W7118210105,Integrated Strategies for Union Legitimacy (Re)Building: A Process Model,Martijn Boersma; Emmanuel Josserand,2026-01-05,"ABSTRACT This study presents a longitudinal analysis examining the process by which the Transport Workers Union (re)established its legitimacy through an integrated strategy encompassing comprehensive campaigns in road transport, aviation, and the gig economy in Australia. We reveal how unions can gain pragmatic legitimacy through power recomposition, moral legitimacy through moral framing, and cognitive legitimacy through the shaping of assumptions. We reveal the systematic transfer of proven strategies to different parts of the industry, adapting to specific conditions and audiences. Our findings provide a framework for unions to revitalize their influence within a dynamic industrial relations landscape.",Industrial Relations A Journal of Economy and Society,https://doi.org/10.1111/irel.70021,old,2026-03-15,2026-03-15T00:00:00Z
https://openalex.org/W4411811283,How Important Is Selection into Full-Time and Part-Time Employment? A New Panel Data Sample Selection Model for Estimating Wage Profiles,Jim Been; Marike Knoef; Heike Vethaak,2025-06-30,"The literature has shown that correcting for self-selection into work is important for the estimation of wage profiles. In this paper, we analyze to what extent intensive labor supply choices add valuable otherwise unobserved information to improve wage profile estimates. We develop a panel data sample selection model that allows for discrete choices in labor supply decisions and apply this to high-quality administrative data. Compared to labor supply decisions at the extensive margin, our new approach is able to control for additional unobserved heterogeneity from intensive labor supply choices with important consequences for the existence and direction of selection into (part-time) work. Applied to the data, we find that such information is especially important for estimating part-time wage profiles for women.",Journal of Business and Economic Statistics,https://doi.org/10.1080/07350015.2025.2520851,old,2026-03-14,2026-06-17T10:20:02Z
https://openalex.org/W4416042940,The Impact of Amazon Facilities on Local Economies,Vikram Singh Pathania; Serguei Netessine,2025-11-08,"ABSTRACT A number of large companies deploy facilities—factories, warehouses, shopping malls—that employ thousands of people directly and indirectly. Local governments have been enticing these companies with various financial incentives. But how much economic growth do these facilities promote, if any? We study this question using Amazon distribution facilities as the case in point. We show evidence of a positive effect of opening Amazon's distribution facilities on counties' economic outcomes. We focus on midsized counties in which Amazon opened facilities in the years 2014–2017 because we have good controls for these counties. We find a selection effect where Amazon locates its facilities, and we address this issue. Our preferred methodology is Callaway–Sant'Anna difference‐in‐differences combined with matching. After Amazon's entry, in our preferred specification, we find that the employment‐to‐population ratio in the treated county increased by 0.0087 (+1.46% at the mean), the poverty rate decreased by 0.36 percentage points (−2.69%), and the median household income increased by $1413 (+2.33%). We present evidence to argue that our findings can likely be interpreted as causal and plausible.",Journal of Policy Analysis and Management,https://doi.org/10.1002/pam.70065,updated,2026-03-14,2026-09-24T10:24:50Z
https://openalex.org/W4416694441,Downward Rigidity in the Wage for New Hires,Jonathon Hazell; Bledi Taska,2025-11-26,"Wage rigidity is an important explanation for unemployment fluctuations. In benchmark models wages for new hires are key, but there is limited evidence on this margin. We use wages posted on vacancies, with job and establishment information, to measure the wage for new hires. We show that our measure of the wage for new hires is rigid downward and flexible upward, in two steps. First, wages change infrequently at the job level, and fall especially rarely. Second, wages do not respond to rises in unemployment, but respond strongly to falls in unemployment. Job information is crucial for detecting downward rigidity. (JEL E24, E32, J23, J31, J63, M51)",American Economic Review,https://doi.org/10.1257/aer.20201793,old,2026-03-14,2026-03-14T00:00:00Z
https://openalex.org/W4415719948,Rebuilding Tripartism and Labor Standards From Below? Legitimation Politics and Risks Around Local Employment Standards,Ceri Hughes; Stephen Mustchin; Miguel Martínez Lucio,2025-10-30,"ABSTRACT Establishing voluntary labor standards depends on securing the voluntary engagement of multiple actors with potentially diverging interests. This paper examines the legitimation politics and processes surrounding attempts to develop local labor standards through an empirical study of local employment charters in England. These forms of soft regulation, promoted by local state actors, ask employers to commit to flexible ‘good’ work principles. We argue that legitimation processes are central to debates around new forms of ‘soft regulation’, highlighting how building legitimacy entails compromises and potential legitimacy risks for others.",Industrial Relations A Journal of Economy and Society,https://doi.org/10.1111/irel.70010,old,2026-03-14,2026-03-14T00:00:00Z
https://openalex.org/W7134894867,Does helping hurt? How food delivery minimum wage regulations disrupt ride-hailing,Yunmin Choi; Kyeongsu Min; Gyeombi Cheon; Jiye Baek; Kyung Sung Jung,2026-03-10,NA,Economics Letters,https://doi.org/10.1016/j.econlet.2026.112930,old,2026-03-13,2026-04-03T06:50:35Z
https://openalex.org/W7130654747,Performance Pay and Mental Health: Differences by Pay Scheme,Benjamin Charles Adams,2026-02-19,"ABSTRACT Anxiety and depression contribute to billions of dollars of lost productivity each year. This work is the first to examine the impact of performance pay on self‐reported measures of anxiety and depression in either the U.S. or Europe, using typical U.S. survey data. It finds no significant impact of performance pay overall but finds that stock options are associated with decreased rates of anxiety and depression, while bonuses are associated with increased rates of anxiety and depression. The heterogeneity indicates a need for further research into the mechanisms by which performance pay impacts mental health.",Industrial Relations A Journal of Economy and Society,https://doi.org/10.1111/irel.70027,old,2026-03-13,2026-03-13T00:00:00Z
https://openalex.org/W4415964194,The World Bank’s East Asian Miracle : Too Much a Product of Its Time?,Nancy Birdsall,2025-11-01,"The 1993 publication of a World Bank book on the East Asian Miracle explained the extraordinarily rapid growth of Japan and seven other economies of East Asia (at 5 percent a year) between 1965 and 1990 as grounded in those economies’ adherence to market “fundamentals”—sound macro management, “shared” growth policies, investment in human capital—combined with an “export push” which fostered the technological learning that drove those countries’ high total factor productivity growth. The Bank authors dismissed “industrial policy” as central to their growth and cautioned against other developing countries adopting industrial policy in the absence of strong government institutions. Was the book too much a product of its post-Soviet, neoliberal era? Considering what we know now about the state of governance in developing countries, might industrial policy help boost growth in at least some developing countries?",The Journal of Economic Perspectives,https://doi.org/10.1257/jep.20251449,updated,2026-03-12,2026-09-01T10:24:03Z
https://openalex.org/W4408760756,Performance-related pay and sorting into stress,Nicole Andelic; Julia Allan; Keith A. Bender; Daniel Powell; Ioannis Theodossiou,2025-03-23,"Abstract To date, the literature on the performance-related pay (PRP) and health relationship has focused on self-reported data. This article uses an experimental method to examine the effect of PRP on stress measured by salivary cortisol for those who self-selected into a PRP contract, focusing on whether participants who perceive themselves with higher ability self-select into PRP and exhibit different stress changes compared to those not in a PRP scheme. Results show that self-selected PRP participants demonstrate significantly higher cortisol levels than participants in the non-PRP group. This study suggests that, regardless of sorting, PRP leads to higher physiological stress.",Oxford Economic Papers,https://doi.org/10.1093/oep/gpaf008,old,2026-03-11,2026-03-11T00:00:00Z
https://openalex.org/W4412364469,Corporate taxation and market power wealth,Lídia Brun; Ignacio González López; Juan Montecino,2025-04-01,"Abstract We analyze the aggregate and distributional effects of corporate tax reforms in the presence of heterogeneous market power across sectors and firms. Our study employs a life-cycle model with incomplete markets, where taxes and market power prevent capital demand and equity supply from moving in tandem. On one hand, an increase in the corporate tax rate generates the classic partial equilibrium effect of reducing capital demand. The magnitude of this effect depends on specific provisions in the tax code and sectoral characteristics, but is generally small when the tax code allows firms to deduct most of the capital costs. On the other hand, the tax substantially lowers the value of equity wealth by taxing market power rents, which shifts the aggregate equity supply downward and exerts a negative effect on equity returns. This novel general equilibrium effect, in turn, reduces the cost of capital and often has an expansionary impact. In our benchmark calibration, which reflects a realistic distribution of markups and markdowns as well as the institutional details of the USA corporate tax code, raising the corporate tax rate can stimulate aggregate investment, output, and wages. Furthermore, this reform reduces wealth inequality, as equity ownership is concentrated among the wealthiest individuals.",Industrial and Corporate Change,https://doi.org/10.1093/icc/dtaf003,old,2026-03-11,2026-03-11T00:00:00Z
https://openalex.org/W4409664171,Revisiting Group Differences in High‐Dimensional Choices: Method and Application to Congressional Speech,Paul Hofmarcher; Jan Vávra; Sourav Adhikari; Bettina Grün,2025-04-22,"ABSTRACT Gentzkow, Shapiro, and Taddy, Econometrica 87, no. 4, 2019 (henceforth GST), use a supervised text‐based regression model to assess changes in partisanship in US congressional speech over time. Their estimates imply that partisanship is far greater in recent years than in the past and that it increased sharply in the early 1990s. The paper at hand provides a replication in the wide sense of GST by complementing their analysis in three ways. First, we propose an alternative unsupervised language model, which combines ideas of topic models and ideal point models, to analyze the change in partisanship over time. We apply this model to the Senate speech data used in GST ranging from 1981 to 2017. Using our model, we replicate their results on the specific evolution of partisanship. Second, our model provides additional insights such as the data‐driven estimation of evolvement of topical contents over time. Third, we identify key phrases of partisanship on topic level.",Journal of Applied Econometrics,https://doi.org/10.1002/jae.3125,old,2026-03-11,2026-03-11T00:00:00Z
https://openalex.org/W4410234997,Measuring Income and Income Inequality,C. H. D. Clarke; Wojciech Kopczuk,2025-05-01,"Income inequality is important, but attempts to measure it arrive at strikingly different conclusions. Why? We use recent disputes over measuring United States income inequality to return to first principles about both the income concept and inequality measurement. We emphasize two broad points. First, no measure of the income distribution is truly comprehensive, or could attempt to be comprehensive without making controversial choices. We document the practical and conceptual problems that the standard ideal — comprehensive Haig-Simons income — raises. Second, much of the controversy in this area turns on the many tradeoffs between starting with individual tax data versus more expansive income concepts. Individual tax data reflect only a shrinking subset of a more comprehensive income concept — but they are individual data. More expansive alternatives, on the other hand, are harder to allocate to individuals. We document some of the most important and contestable assumptions that such an allocation requires.",The Journal of Economic Perspectives,https://doi.org/10.1257/jep.20241424,old,2026-03-11,2026-03-11T00:00:00Z
https://openalex.org/W4410038095,‘Be Your Own Boss?’ Explaining Variation in Worker Response to the Gig Economy's Ideology in the Global North and South,Andrew B. Wolf; Fellipe Coelho‐Lima; Isabel Lopes dos Santos Keppler; Mirlly de Souza Ferreira; Constanza Dall'Asta; María Eugenia Rodríguez Florez; María del Carmen Moreno Figueroa,2025-05-02,"ABSTRACT The proponents of app‐based, algorithmically mediated employment seek to create an easily transferable uniform labour process around the world. These apps classify their workers as independent contractors coupled with the ideological pitch that they will be ‘their own boss’. This model is designed to avoid adhering to employment regulations, but it also effectively appeals to low‐wage workers with historically negative experiences in the labour market. This paper explores how the worker experience and ideological pitch of app‐based employment varies in different socio‐cultural and political contexts. Apps, we argue, may strive for uniformity but they are shaped by local conditioning. Utilising theories of the construction of the labour process, governmentality and racial platform capitalism we explore how app work is conditioned in four cities in the global north and south, demonstrating how place shapes algorithmic management and worker resistance. We point to the role of labour market informality in the south as a primary dynamic shaping divergent responses in our cases.",British Journal of Industrial Relations,https://doi.org/10.1111/bjir.12887,old,2026-03-11,2026-03-11T00:00:00Z
https://openalex.org/W4411396021,The Moderating Effect of Firm‐Specificity on the Impact of Unemployment on the Demand for Apprentices: Evidence From Switzerland During <scp>COVID19</scp>,Guillaume Maxence Morlet; Thomas Bolli,2025-06-17,"ABSTRACT This paper evaluates how firm‐specificity of apprenticeship training, equivalently firm‐specificity, moderates the response of the demand for apprentices to the unemployment rate. We first present a simplified conceptual framework to illustrate mechanisms through which this moderating effect could occur. We then empirically analyse the impact of unemployment on the demand for apprentices, and the abovementioned moderating effect. Using Poisson pseudo maximum likelihood methodology, we exploit monthly variation in the unemployment rate within sectors and cantons. We find that the unemployment rate is insignificantly associated with the demand for apprentices overall during the COVID19 period in Switzerland. We subsequently use a firm‐level survey conducted before COVID19 to construct three measures of firm‐specificity. Using each measure, firm‐specificity significantly moderates the effect of the unemployment rate on the demand for apprentices. A rise in the unemployment rate statistically and economically significantly reduces the demand for apprentices for firms imparting less firm‐specific training. On the other hand, a rise in the unemployment rate statistically and economically insignificantly affects the demand for apprentices within firms imparting more firm‐specific training. Our results are robust to the use of multiple measures of firm‐specificity and to the inclusion of controls capturing exposure to the pandemic and its economic support measures.",Labour,https://doi.org/10.1111/labr.70000,old,2026-03-11,2026-03-11T00:00:00Z
https://openalex.org/W4411501363,Offshoring and Labor Market Power: Comparing Belgian and Dutch Firms,Sabien Dobbelaere; Catherine Fuss; Mark Vancauteren,2025-06-19,"ABSTRACT We study the relationship between offshoring and labor market imperfections at the firm level in Belgium and the Netherlands. In both countries, wage‐markup pricing stemming from workers' monopoly power is more prevalent than wage‐markdown pricing originating from firms' monopsony power. Offshoring is associated with a higher prevalence and intensity of wage markdowns, driven by an increase in productivity that is only imperfectly passed through into an increase in wages. The lower firm‐level productivity‐wage pass‐through in Belgium, attributed to its more centralized bargaining structure, makes wage markdowns more responsive to offshoring.",Industrial Relations A Journal of Economy and Society,https://doi.org/10.1111/irel.12394,old,2026-03-11,2026-03-11T00:00:00Z
https://openalex.org/W4411737136,The impact of measurement error on trends in earnings inequality in the USA,Daniel L. Millimet; Christopher F. Parmeter,2025-06-27,"Abstract Measurement error is pervasive in self-reported income and has likely evolved over time. As such, the extent of and trends in income inequality are difficult to discern. While administrative data are a possible solution, they face their own measurement issues and are frequently unavailable. Here, we propose a new method based on stochastic frontier analysis to correct self-reported income for measurement error throughout the distribution. We then apply this method to repeated cross-sectional data in the USA spanning 1960–2023 to assess trends in earnings inequality using ‘error-free’ data on earnings.",Empirical Economics,https://doi.org/10.1007/s00181-025-02783-4,old,2026-03-11,2026-03-11T00:00:00Z
https://openalex.org/W4415770050,Does Tax-Benefit Linkage Matter for the Incidence of Payroll Taxes?,Antoine Bozio; Thomas Breda; Julien Grenet; Arthur Guillouzouic,2025-07-23,"Abstract We analyse earnings responses to six large payroll tax and income tax reforms in France. Our findings indicate full pass-through to workers when there is a strong and transparent link between contributions and expected benefits. In contrast, employer payroll taxes with no tax-benefit linkage exhibit limited pass-through to workers, while income tax nominally borne by employees show nearly full pass-through. Together with a meta-analysis of the literature, we interpret these results as empirical support for the long-standing hypothesis that tax-benefit linkage matters for the incidence of payroll taxes. In the absence of such linkage, our findings suggest that the individual-level incidence of payroll taxes aligns with their statutory incidence.",The Review of Economic Studies,https://doi.org/10.1093/restud/rdaf059,old,2026-03-11,2026-05-13T08:35:07Z
https://openalex.org/W4412960620,A Local Projections Approach to Difference‐in‐Differences,Arindrajit Dubé; Daniele Girardi; Òscar Jordà; Alan M. Taylor,2025-07-19,"ABSTRACT We propose a local projections (LPs)‐based difference‐in‐differences (DiD) approach that subsumes many of the recent solutions proposed in the literature to address possible biases arising from negative weighting. We combine LPs with a flexible “clean control” condition to define appropriate sets of treated and control units. Our proposed LP‐DiD estimator can be implemented with various weighting and normalization schemes for different target estimands, can be extended to include covariates or accommodate nonabsorbing treatment, and is simple and fast to implement. A simulation and two empirical applications demonstrate that the LP‐DiD estimator performs well in common applied settings.",Journal of Applied Econometrics,https://doi.org/10.1002/jae.70000,old,2026-03-11,2026-03-11T00:00:00Z
https://openalex.org/W4412099839,Difference‐in‐Difference Causal Forests With an Application to Payroll Tax Incidence in Norway,Evelina Gavrilova; Audun Langørgen; Floris Zoutman,2025-07-07,"ABSTRACT This paper introduces the difference‐in‐difference causal forest (DiDCF) method, which extends the causal‐forest technique for estimating heterogeneous treatment effects to settings with dynamic treatment effects. Regular causal forests require independence between treatment assignment and the outcome variable (after conditioning out observables). In contrast, DiDCFs provide consistent estimates with a parallel trend assumption. DiDCFs can be used to create event‐study plots. The method is applied to estimate payroll tax incidence on wages. We find that heterogeneity in incidence is explained by firm‐ and workforce‐level variables. Firms with a large and heterogeneous workforce are most effective in passing on the incidence of the payroll tax to workers.",Journal of Applied Econometrics,https://doi.org/10.1002/jae.70001,old,2026-03-11,2026-03-11T00:00:00Z
https://openalex.org/W4412191895,"Industrial Relations, Collective Bargaining Agreements, Labour Demand Composition and Local Labour Market Concentration",Simone Chinetti,2025-07-11,"ABSTRACT This study investigates the impact of local labour market concentration on wage and non‐wage attributes, leveraging demand‐side panel data. The analysis replicates the standard findings on wage and hiring elasticity, potentially revealing an additional layer‐abstention from collective bargaining agreements (CBAs) could lead to a double markdown on wage costs. Moreover, employer concentration reduces both employer association membership and union representation within small firms. In concentrated labour markets, there is a higher likelihood of forgoing both first‐tier and second‐tier collective agreements, resulting in adverse effects on workers' wages and non‐wage attributes. Additionally, even when firms use CBAs, strategies to optimise labour costs at the expense of workers emerge, prominently featuring the misalignment of CBAs. Local labour market concentration increases employment practices that optimise and reduce labour costs, such as a greater reliance on part‐time contracts and external consultants. The analysis shows that reduced competition in the labour market influences diverse facets of employment relationships, revealing patterns that extend beyond the conventional understanding of wage and hiring dynamics.",Oxford Bulletin of Economics and Statistics,https://doi.org/10.1111/obes.70002,old,2026-03-11,2026-03-11T00:00:00Z
https://openalex.org/W4413130068,The Labor Market Effects of Occupational Licensing in the Public Sector,Morris M. Kleiner; Wenchen Wang,2025-08-11,"ABSTRACT In the United States, occupational licensing is about twice as prevalent in the public sector as in the private sector. However, the influence of occupational regulation for public sector workers and how it compares with that of private sector workers has not been analyzed in detail. Our study examines how licensing is associated with key labor market outcomes of wages and part‐time working status. Our results show that having an occupational license has positive associations with hourly wages and negative associations in both sectors with the probability of engaging in part‐time work, mirroring licensing's general relationships. When we disaggregate licensing's associations by sector, its wage association is less in the public sector. Further, public sector licensed workers have an even lower probability of working part‐time. We further examine how licensing differentially affects the wage distribution between the two sectors and find that at the lower wage distribution, licensing's wage associations are almost the same between the public and the private sector. The difference of licensing's wage relationships between the two sectors becomes larger along the upper part of the wage distribution quantiles. Licensing increases the wage premia for private sector workers at the higher wage percentiles, which may make it more difficult for the public sector to attract and retain more highly skilled workers.",Industrial Relations A Journal of Economy and Society,https://doi.org/10.1111/irel.70004,old,2026-03-11,2026-03-11T00:00:00Z
https://openalex.org/W4413862526,The effect of compliance assistance on pollution discharges and violations of environmental regulations,Paul J. Ferraro; Jay P. Shimshack,2025-08-31,"Abstract Researchers and policymakers assert competing behavioral models of polluters. One model portrays polluters as best approximated by the perfectly informed, rational actor from economics textbooks. Another model portrays polluters, particularly small and medium facilities, as imperfectly informed, cognitively bounded, pro‐social actors. If this second model is more accurate, environmental programs that offer low‐cost technical assistance may be especially effective in promoting regulatory compliance. Yet the empirical evidence for the effectiveness of such compliance assistance is scant. In a pre‐registered analysis using panel data research designs, we exploit idiosyncratic program roll‐out to estimate the effects of a compliance assistance program that was delivered to hundreds of Ohio water polluters. Although the program was initially deemed a success by federal and state environmental protection agencies, we estimate that, if the program had any effect on polluter behaviors, those effects were small. In our preferred specification, we estimate a precise zero effect of compliance assistance on environmental compliance and pollution. The lack of evidence for behavioral impacts from compliance assistance does not imply such programs cannot be effective, but it does underscore the need for more deliberate evaluation designs when state and federal agencies roll out their compliance assistance interventions.",Journal of Policy Analysis and Management,https://doi.org/10.1002/pam.70056,old,2026-03-11,2026-03-11T00:00:00Z
https://openalex.org/W4412696759,The Compatriot Win Effect and Behavioural Biases in Lottery Markets,David Boto‐García; Álvaro Muñiz; Leví Pérez,2025-07-28,"ABSTRACT This paper presents evidence to support the compatriot win effect as a behavioural bias in lottery demand. We exploit the quasi‐random assignment of the jackpot prize across provinces in the Christmas draw of the Spanish National Lottery to examine whether lottery sales increase in jackpot‐winning provinces in subsequent draws. Using difference‐in‐differences with staggered treatment timing, we present robust evidence that lottery sales in provinces where the jackpot is awarded experience a significant boost in subsequent draws. The compatriot win effect appears to operate through increased media coverage in winning regions, which boosts lottery demand by enhancing the salience of the draw.",Oxford Bulletin of Economics and Statistics,https://doi.org/10.1111/obes.70005,old,2026-03-11,2026-03-11T00:00:00Z
https://openalex.org/W4413990507,Energy price shocks and the demand for energy‐efficient housing: evidence from Russia's invasion of Ukraine,Nils Braakmann; Bahadіr Dursun; Harry Pickard,2025-09-04,"Abstract This paper examines how the energy price shock post Russia's invasion of Ukraine in 2022 affected property transactions. Using administrative data on transaction price and energy efficiency in the UK, we explore if buyers adjust behaviour in response to greater energy costs. Using hedonic difference‐in‐differences models, we find that prices increase by £1000 for high‐rated energy efficiency properties and decrease by £2400 for low‐rated ones. Properties with higher potential energy efficiency also see value upticks. We also find that high gas‐consuming neighbourhoods experience fewer house sales post‐invasion. The size of the effect is explained by buyers perceiving the energy price hike as temporary. Our results shed light on the interplay between energy prices and the property market, offering insights into buyer behaviour and the valuation of energy efficiency.",Economica,https://doi.org/10.1111/ecca.70008,old,2026-03-11,2026-03-11T00:00:00Z
https://openalex.org/W4416195969,The Impact of Staff and Manager Training on Firm Productivity: Differential and Interaction Effects,Susan McDonald Schwarz; Jun Ping Du; Uzoamaka Nduka; Lin Zhang,2025-11-12,"ABSTRACT Productivity is a crucial goal for firms, yet training investments to develop employee skills and enhance productivity face scrutiny. Despite considerable research into training inputs and performance outcomes, several gaps remain. We investigate the differential effects of managerial and staff training on labour productivity, drawing on human capital theory to explain the value of training investment for workforce development. The analysis focuses on 19,289 firm‐year observations from the UK Employer Skills Survey and Investment in Training Survey paired with the Business Structure Database in five waves over a 9‐year period, accounting for potential selection bias. Examining several measures of training for different occupational categories and formal‐informal modes of training, we find that productivity rose with greater training investment for both managers and staff. Among staff occupational categories, training for professionals and associate professionals yielded particular benefits for the firm. The interaction of staff and managerial training generated further gains, illustrating the value of complementary skill development for different employee levels, especially prioritizing intensity of training expenditure over broad coverage.",British Journal of Industrial Relations,https://doi.org/10.1111/bjir.70020,updated,2026-03-11,2026-09-24T10:24:50Z
https://openalex.org/W7123349350,Occupation and Temperature-Related Mortality in Mexico,R. Daniel Bressler; Anna Papp; Luis Sarmiento; Jeffrey G. Shrader; Andrew J. Wilson,2026-01-12,"Abstract We investigate how occupation influences temperature-related mortality in Mexico. Using decades of nationwide death and weather data, we find that temperature-related mortality risk varies sharply by occupation. Young adults in climate-exposed jobs experience significantly higher heat risk: a 15-24-year-old agricultural worker is over 10 × more likely to die from heat than an age-group peer in professional/managerial employment. Cold temperatures also increase mortality, especially for older non-workers. Our results suggest that occupational safety and adaptation policies may protect vulnerable workers from death and that ongoing economic shifts away from exposed sectors may moderate future heat-related mortality.",The Journal of Human Resources,https://doi.org/10.3368/jhr.0325-14131r2,updated,2026-03-11,2026-09-24T10:24:50Z
https://openalex.org/W4414942025,Can Schools Change Religious Attitudes?,Benjamin W. Arold; Ludger Woessmann; Larissa Zierow,2025-10-08,"Abstract We study whether compulsory religious education in schools affects students’ religiosity as adults. We exploit the staggered termination of compulsory religious education across German states in models with state and cohort fixed effects. Using three different datasets, we find that a reform abolishing compulsory religious education significantly reduced the religiosity of affected students in adulthood. It also reduced the religious actions of personal prayer, church-going, and church membership. Beyond religious attitudes, and consistent with a shift towards worldly norms and economic activities, the reform led to higher labor-market participation and earnings. By contrast, the reform did not affect ethical and political values or non-religious school outcomes.",The Journal of Human Resources,https://doi.org/10.3368/jhr.0723-13023r2,updated,2026-03-11,2026-09-01T10:24:03Z
https://openalex.org/W4414952214,Intangible intensity and between‐firm wage inequality,Guido Pialli; Olga Tcaci,2025-10-08,"Abstract A substantial portion of the recent increase in wage inequality in advanced economies is attributed to the rise in between‐firm wage inequality. At the same time, growing empirical evidence shows a rising reliance on intangible assets in the production process. We demonstrate that these two trends are related. Using industry‐level data for European countries for the period 2000–2020, we show that intangible intensity positively affects between‐firm wage inequality. When decomposing overall intangible capital into subcategories, we find that the effect is mainly driven by innovative property assets, such as R&D, licences and designs. Robustness checks and an instrumental variables strategy provide further support to these results. We interpret these findings as the outcome of technology‐based effects arising from the distinctive characteristics of intangible assets and R&D, including their scalability and critical role in competitive advantage, which favour large and frontier firms.",Economica,https://doi.org/10.1111/ecca.70015,updated,2026-03-11,2026-09-01T10:24:03Z
https://openalex.org/W4415755458,Macroprudential policy and housing market expectations,Pei Kuang; Kaushik Mitra; Li Tang; Shihan Xie,2025-10-31,"This paper studies how macroprudential policy changes affect consumers’ housing market expectations and housing affordability perceptions in the United Kingdom. We conduct a large-scale online survey experiment presenting hypothetical changes of three borrower-based macroprudential tools: residential loan-to-value (LTV), buy-to-let LTV, and loan-to-income ratios. We find that policy tightening lowers house price expectations, reduces homebuying intentions, and worsens affordability assessments, while loosening has the opposite effects. The residential LTV ratio is the most effective tool. To interpret these findings, we embed our survey estimates into a dynamic model linking expectations, credit, and housing demand. The model shows that immediate belief shifts significantly amplify house price and consumption responses, highlighting the importance of expectations in the transmission of macroprudential policy.",European Economic Review,https://doi.org/10.1016/j.euroecorev.2025.105191,old,2026-03-11,2026-03-30T07:11:59Z
https://openalex.org/W7126120302,The unequal job security scars of displacement,Ana Figueiredo; Olivier Marie; Agnieszka Markiewicz,2026-01-29,"Segmented labor markets, where stable jobs coexist with insecure, high-turnover positions, make job security key to workers’ long-term outcomes. Using Dutch administrative data, we study the impact of displacement on job security and the role of cash-on-hand. One year after displacement, permanent employment falls by about one-fifth and remains lower five years later, amplifying wage losses: displaced workers who lose job security experience losses 21 % larger than those retaining a permanent contract. Exploiting a policy granting lump-sum transfers only to some displaced workers, we find that eligibility attenuates job security losses and, as a result, wage losses. Effects are larger among liquidity-constrained workers, consistent with binding liquidity constraints. Our findings highlight job security as a key channel through which cash-on-hand reduces the long-run costs of job loss, with implications for the design of unemployment insurance.",Journal of Public Economics,https://doi.org/10.1016/j.jpubeco.2025.105562,old,2026-03-11,2026-03-21T06:06:49Z
https://openalex.org/W4415494011,Beyond borders: Does firm‐level exposure to state and local paid sick leave mandates lead to intra‐firm spillovers?,Daniel Schneider; Kristen Harknett,2025-10-23,"Abstract States and localities have passed labor standards to raise the floor on job quality, including mandating employer provision of paid sick leave (PSL). However, contemporary political polarization makes the enactment of national labor standards and of state standards in many states unlikely. Prior literature has examined how labor standards may “spill over” spatially to affect firms, jobs, and workers in nearby places who are not covered by labor standards. We motivate and empirically examine the potential for “intra‐firm spillovers.” We argue that multi‐state firms facing a patchwork of labor standards may align company labor practices with the most stringent regulatory environments that they face given the geographic distribution of their establishments. To test this possibility, we take advantage of new employer–employee linked data from The Shift Project and focus on the case of paid sick leave. We find that state and local paid sick leave mandates spillover through multi‐state employers to provide workers in places without mandates effective access to paid sick leave, and these findings survive a placebo test using other fringe benefits. Companies act as conduits through which the reach of local mandates that raise the floor on job quality are expanded to a broader set of workers.",Journal of Policy Analysis and Management,https://doi.org/10.1002/pam.70061,old,2026-03-11,2026-03-11T00:00:00Z
https://openalex.org/W4415729391,Why Has in‐Work Poverty Risen in Britain?,Jonathan Cribb; Tom Waters; Xiaowei Xu,2025-10-31,"ABSTRACT Is work a reliable route out of poverty, and what does that depend upon? In Britain, the headline relative poverty rate for those in working households steadily rose from 13.4% in 1994–95 to 18.4% in 2019–20. We study the drivers of this increase. Significant rises in earnings inequality observed over the period were a modest contributor, accounting for 1.3 percentage points (pp). Higher earnings growth for poorer families did not reduce working poverty more substantially, in part due to the higher effective marginal tax rates that low‐income families faced. A more important factor (1.8 pp) was rising housing costs for poorer working families compared with middle‐ or high‐income families, driven both by rents rising relative to mortgages, and by a shift away from homeownership for poorer working families. Growth in pensioner incomes, which raised median income and therefore the relative poverty line, also increased the in‐work poverty rate (1.7 pp). Reforms to the tax and transfer system—particularly the introduction of ‘tax credits’—served to slightly mitigate (0.6 pp) the rise in in‐work poverty. These results show that the effectiveness of employment for reducing poverty is dependent upon a broad range of other factors—many of which themselves can be shaped by other policy levers.",Oxford Bulletin of Economics and Statistics,https://doi.org/10.1111/obes.70027,old,2026-03-11,2026-03-11T00:00:00Z
https://openalex.org/W7118688911,The Union Wage Mark‐Up for Immigrants in the United States,Laszlo Goerke; Cinzia Rienzo,2026-01-07,"ABSTRACT Using data from the Current Population Survey (CPS) for 1995–2023, we show that unionized immigrants earn 10.1 log points less than unionized natives, of which 4.8 log points are due to a lower union wage mark‐up. Therefore, unionization is beneficial for immigrants but to a lesser extent than for natives in the United States. The difference in the union wage mark‐up between natives and immigrants is most pronounced for males and low‐skilled blue‐collar workers.",Industrial Relations A Journal of Economy and Society,https://doi.org/10.1111/irel.70022,old,2026-03-11,2026-03-11T00:00:00Z
https://openalex.org/W7127120302,The reallocation effect of emissions cap‐and‐trade: Evidence from China,Ohyun Kwon; Hao Zhao; Min Zhao,2025-11-01,"Abstract This paper investigates the reallocation effects of emissions cap‐and‐trade policy, leveraging China's phased implementation of chemical oxygen demand (COD) regulations as a quasi‐experiment. Our theoretical model posits that a pro rata emissions cap is more stringent for more productive firms, resulting in negative reallocation , whereas emissions trading restores efficiency through positive reallocation by reallocating emissions towards more productive firms. Utilizing the spatial and temporal variation in policy implementation, our empirical findings demonstrate that emission intensities of more productive firms, relative to less productive counterparts, declined after adopting the cap policy but subsequently increased with the introduction of cap‐and‐trade, aligning with our theoretical predictions. We also find that firms operating under a cap‐and‐trade regime, on average, experienced faster output growth compared to those operating under a cap‐only regime, highlighting the role of emissions trading in enhancing production efficiency, even within imperfect markets.",Canadian Journal of Economics/Revue canadienne d économique,https://doi.org/10.1111/caje.70039,old,2026-03-11,2026-03-11T00:00:00Z
https://openalex.org/W7130331355,Globalization and Income Distribution: What Is the Role for Workers’ Structural Bargaining Power?,Panagiotis Iliopoulos,2026-02-18,"ABSTRACT This paper investigates whether labour's structural bargaining power, measured via network centrality in global input−output linkages, affects the distribution of income towards labour at sectoral, national and global scales. Building on the power resources approach, this paper suggests a conceptual and empirical framework for measuring labour's structural power through its network position in global input–output relations. Using the country‐sector centrality and data from the World Input‐Output Database (1995–2009, 40 countries, 35 sectors), I estimate dynamic effects on labour's value‐added share with local projections, controlling for associational power, capital intensity and productivity. Results show that structurally labour employed in the central country‐sectors tend to capture higher labour shares at national and global scales. The study contributes to the power resources approach by operationalizing structural power as a quantifiable, macroeconomically significant position in global value chains.",British Journal of Industrial Relations,https://doi.org/10.1111/bjir.70050,old,2026-03-11,2026-03-11T00:00:00Z
https://openalex.org/W7117558604,"Exports, Gender Inequality, and Family Commitment",Porjai Chalermsook; Pekka Ilmakunnas; Rudiger von Arnim,2025-12-30,"ABSTRACT This paper examines how exporting firms, gender, and family commitments interact to shape wage disparities. Using Finnish matched employer–employee data, we estimate wage equations that control for firm, worker, and match‐specific unobservables. While exporting firms do not exhibit a wider gender wage gap overall, women with young children face additional short‐run wage penalties, as shown by an event‐study analysis that reveals a temporary but pronounced gap in the early post‐childbirth years. These penalties are concentrated in occupations with greater temporal rigidity and limited scheduling flexibility, highlighting workplace flexibility constraints as a key mechanism. The findings suggest that the interaction between export‐related temporal demands and caregiving responsibilities contributes to gendered wage dynamics. These results also raise questions about the continuing relevance of gender norms that disadvantage female employees, even in a context with strong public support for parental leave and childcare in Finland.",Labour,https://doi.org/10.1111/labr.70007,old,2026-03-11,2026-03-11T00:00:00Z
https://openalex.org/W4417487950,"Earnings Dynamics, Inequality, and Firm Heterogeneity",Paul Bingley; Lorenzo Cappellari,2025-12-18,"ABSTRACT Studies of individual earnings dynamics typically overlook firm heterogeneity, while worker and firm decompositions of earnings inequality often neglect the life cycle. We study firm effects in individual earnings dynamics for the Italian private sector population, using the covariance structure of co‐worker earnings for identification. We allow for dynamics of both worker and firm effects, as well as worker‐firm sorting and worker segregation. When workers are young, firm and worker heterogeneity explain similar shares of earnings inequality; however, over the life cycle, workers account for most of the inequality. Sorting is substantial, especially among younger workers. Segregation accounts for most of the earnings inequality between firms.",Journal of Applied Econometrics,https://doi.org/10.1002/jae.70024,old,2026-03-11,2026-03-11T00:00:00Z
https://openalex.org/W7125869182,"Common Pressures, Uneven Trajectories: The Variegated Europeanisation of Wage Regulation Institutions",Vincenzo Maccarrone,2026-01-27,"ABSTRACT The debate on whether national industrial relations (IR) are experiencing convergence is a long‐standing one. Recently, scholars argue that we are witnessing a neoliberal convergence of national IR, understood as an increase in employers’ discretion. Much of this discussion has focused on countries of the European Union (EU) as empirical test cases. Hence, this debate has intertwined with that on the effects of the process of European integration on national IR. Drawing insights from the economic geography literature and the perspective of ‘variegated neoliberalisation’, this article argues that neoliberalisation and Europeanisation on IR should be seen as intertwined processes, which are, however, constitutively variegated. Through a multi‐level research design, the article applies this theoretical framework to one key function of national IR, that is, wage regulation, with a focus on Ireland and Italy.",British Journal of Industrial Relations,https://doi.org/10.1111/bjir.70038,old,2026-03-10,2026-03-10T00:00:00Z
https://openalex.org/W3177440556,Monopsony and Employer Misoptimization Explain Why Wages Bunch at Round Numbers,Arindrajit Dubé; Alan Manning; Suresh Naidu,2025-07-31,"We show that administrative hourly wage data exhibit considerable bunching at round numbers. We run two experiments randomizing wages around $0.10 and $1.00 to experimentally measure left-digit bias for identical tasks on Amazon Mechanical Turk; we fail to find any evidence of discontinuity in the labor supply function at round numbers despite estimating a considerable degree of monopsony. We replicate these results in administrative worker-firm hourly wage data from Oregon. We can rule out inattention estimates found in the behavioral product market literature. We provide evidence that firms “misoptimize” wage setting. More monopsony requires less employer misoptimization to explain bunching. (JEL D22, J22, J31, J42)",American Economic Review,https://doi.org/10.1257/aer.20200678,old,2026-03-08,2026-03-08T00:00:00Z
https://openalex.org/W7126179844,Supervisor Interpersonal Justice and Worker Turnover Intention in Global Supply Chains: Evidence from Bangladesh Garment Factories,Sazid Ahmad; Chunyun Li; Sarah Ashwin,2026-02-23,"Global brands’ simultaneous commercial and social compliance requirements may exacerbate supervisor stress and abuse of workers at export factories. Yet, the impacts of supervisors have been underexamined in private regulation. This article draws on the organizational justice literature to analyze the effects of supervisor interpersonal justice (SIJ)—treating subordinates with respect and propriety—on garment workers and how these effects are shaped by labor rights institutions in the workplace and external environment. The authors find that SIJ reduces workers’ turnover intention directly and indirectly through engendering positive affect. The results also suggest that SIJ may have a stronger relationship with positive affect in the presence of worker participation committees (WPCs) and stringent monitoring programs such as the Bangladesh Accord. This article thereby spotlights the relatively neglected role of supervisors in influencing worker well-being and turnover intention in global supply chains.",Industrial and Labor Relations Review,https://doi.org/10.1177/00197939261419730,old,2026-03-08,2026-03-08T00:00:00Z
iza18398,Minimum Wages and Work Pressure,Markus Nagler; Erwin Winkler,2026-02-01,"A large literature investigates the employment effects of minimum wages, with comparatively little evidence on other adjustment margins. In this paper, we analyze the impact of a nationwide introduction of minimum wages in Germany on employer-induced work pressure, using detailed worker-level survey data. Applying a difference-in-differences approach, we show that the introduction of minimum wages increased work pressure in occupations more exposed to the minimum wage. The increase in work pressure cannot be explained by compositional changes in terms of demographics, job complexity, or hours worked.",IZA Discussion Paper,https://www.iza.org/publications/dp/18398/minimum-wages-and-work-pressure,old,2026-03-04,2026-03-07T06:00:13Z
https://openalex.org/W7130502356,Price Effects of Increasing the Minimum Wage: Evidence from Regions in the Philippines,Michael Batu,2026-02-19,NA,Journal of Labor Research,https://doi.org/10.1007/s12122-026-09378-7,old,2026-02-21,2026-02-21T00:00:00Z
https://openalex.org/W7127637362,Labor Market Power: From Micro Evidence to Macro Consequences,David H. Berger; Kyle Herkenhoff; Simon Mongey,2026-02-01,"The traditional theoretical and empirical “micro approach” to studying labor market power (or monopsony) requires that firms are small and atomistic. This is at odds with the reality of labor markets in which monopsony potentially matters most. Empirically, many markets are concentrated and characterized by large, dominant employers. The actions of large employers in an occupation or industry affect local and national wages, employment and output. Employers that understand their largeness may then act strategically when hiring and setting wages, generating misallocation and harming workers. This paper advocates for a “macro approach”: (1) directly model equilibrium behavior of large employers, (2) combine macro data and empirical estimates of employers’ responses to policy changes—obtained using the “micro approach”—to estimate the model, (3) use the model to compute the aggregate costs of monopsony, and optimal policies. This approach provides new perspectives on minimum wage and antitrust policy.",The Journal of Economic Perspectives,https://doi.org/10.1257/jep.20251456,updated,2026-02-06,2026-09-24T10:24:50Z
https://openalex.org/W7125644888,Minimum wage and employer‐sponsored supplementary health insurance: Evidence from Canada,Zichun Zhao; Michel Grignon,2026-01-25,"Abstract This study explores the effect of increases in the minimum wage on the probability of receiving employer‐sponsored supplementary prescription drug insurance through the workplace in Canada: Do Canadian employers respond to higher minimum wage by cutting insurance coverage? We use self‐reports on supplementary health insurance through the workplace from seven waves (2013 to 2019) of the Canadian Community Health Survey. We also use the fact that the minimum wage is a provincial jurisdiction in Canada to study the effects of the level of and changes in the minimum wage across provinces and over time in a difference‐in‐differences and triple difference framework. We find that yearly changes between 20 and 30 cents in the value of the minimum wage have a persistent effect and about three percent of Canadians lose their prescription drug insurance (from an initial coverage rate of 47.4%) in such cases, the effect being concentrated on women, immigrants, non‐Whites and younger adults. However, changes smaller than 20 cents, by far the most frequent in Canada, do not have any discernible effect on health insurance coverage.",Canadian Journal of Economics/Revue canadienne d économique,https://doi.org/10.1111/caje.70038,old,2026-01-27,2026-01-27T00:00:00Z
https://openalex.org/W7123892738,Dynamics and sources of wage inequality in Taiwan: Evidence from employer‐employee matched data,Po‐Chun Huang; Huei‐Ming Chen; Hsien‐Ming Lien; Tzu‐Ting Yang,2026-01-13,"Abstract This paper studies the decline in wage inequality in Taiwan from 2004 to 2019 using administrative employer‐employee matched data and the Abowd–Kramarz–Margolis (AKM) framework. Unlike the U.S. and Europe, Taiwan experienced an 8.4% drop in wage inequality, driven largely by reductions in within‐firm disparities. Minimum wage hikes likely contributed to this compression, as lower‐tail inequality declined due to faster earnings growth among low‐wage workers, while upper‐tail inequality remained relatively stable. AKM estimates, robust to bias correction, indicate that firm‐specific wage premiums account for a small share of inequality, while worker‐firm sorting has become increasingly important in explaining wage dispersion.",Economic Inquiry,https://doi.org/10.1111/ecin.70044,old,2026-01-16,2026-01-16T00:00:00Z
https://openalex.org/W3145661109,Across-Country Wage Compression in Multinationals,Jonas Hjort; Xuan Li; Heather Sarsons,2025-12-31,"Many employers link wages at establishments outside of the home region to the level at headquarters. We show this using new data on 1,200 multinationals’ establishments across the world and linked employee-level data on their establishments in Brazil. Headquarters wage changes arising from minimum wage and exchange rate shocks are partially transmitted to workers employed in the same position abroad. Wage change transmission appears to be direct and results from firm-wide wage-setting procedures rather than associated technology or employment changes. “Anchored” wage setting is somewhat associated with particular characteristics of the job × employer × headquarters-establishment country-pair. (JEL F23, F31, J24, J31, J38, M16, O15)",American Economic Review,https://doi.org/10.1257/aer.20200042,old,2026-01-03,2026-01-03T00:00:00Z
iza18345,The Minimum Wage and Inequality Between Groups,Francine D. Blau; Isaac Cohen; Matthew Comey; Lawrence M. Kahn; Nikolai Boboshko,2025-12-01,"Using 1979-2019 Current Population Survey data, we study the effect of state and federal minimum wage policies on gender, race, and ethnic inequality. We find that minimum wages substantially reduce intergroup wage inequality at least up to the 20th wage percentile, with no evidence of adverse employment effects. We conduct counterfactual simulations of between-group inequality due to minimum wage changes since 1979. Declines in the real minimum wage in the 1980s slowed progress in narrowing between-group inequality. Relatively small changes in minimum wages during 1989-1998 and 1998-2007 meant little role for the minimum wage over those time spans. Since 2007, several states have steeply raised their minimum wages, especially raising Hispanics’ relative wages, because they earn low wages and reside disproportionately in those states. Finally, we find that raising the federal minimum wage to $12/hour in 2020 dollars ($14.49 in 2025Q2 dollars) would reduce existing between-group wage gaps below the 15th percentile by 25-50%.",IZA Discussion Paper,https://www.iza.org/publications/dp/18345/the-minimum-wage-and-inequality-between-groups,old,2025-12-31,2025-12-31T00:00:00Z
iza18326,Falling into Poverty or Escaping from It? The Effect of the Minimum Wage in Urban China,Sylvie Démurger; Carl Lin; Achim Schmillen; Dewen Wang,2025-12-01,"Minimum wages are found to have an inconclusive impact on poverty. Using China’s individual-level panel dataset combined with county-level minimum wages, our paper shows that minimum wages have a moderate yet sustained effect on poverty reduction. The results show a two-sided effect: higher minimum wages help pull some workers out of poverty, while simultaneously pushing others in. This dynamic of larger “pulling” effects being counterbalanced by smaller “pushing” effects explains why existing studies often find that minimum wages have a negligible or minimal impact on poverty reduction. Notably, the poverty reduction effect is most pronounced for female workers.",IZA Discussion Paper,https://www.iza.org/publications/dp/18326/falling-into-poverty-or-escaping-from-it-the-effect-of-the-minimum-wage-in-urban-china,old,2025-12-26,2025-12-26T00:00:00Z
https://openalex.org/W4417407047,The devil is in the details: Heterogeneous effects of the German minimum wage on working hours and minijobs,Mario Bossler; Liang Ying; Thorsten Schänk,2025-12-16,"Germany introduced a national minimum wage in 2015. While prior studies find limited effects on overall employment, we go into detail and examine its impact on working hours and minijobs. The minimum wage significantly reduces inequality in hourly and monthly wages. While average working hours remain stable, minijobbers experience notable cuts in working hours, which can be explained by the institutional context shaping the effects of the minimum wage. Employment in regular jobs remains unaffected, but minijobs decline, driven by transitions into both regular jobs and non-employment. The latter implies an employment elasticity of − 0.16 for minijob employment. Following the first major minimum wage increase in 2022, we reveal a reduction in working hours that is not limited to minijobs, corresponding to an employment volume elasticity of − 0.38 .",Journal of Public Economics,https://doi.org/10.1016/j.jpubeco.2025.105540,old,2025-12-19,2026-06-14T08:58:53Z
https://openalex.org/W4417199301,Who’s Afraid of the Minimum Wage? Measuring the Impacts on Independent Businesses Using Matched U.S. Tax Returns,Nirupama Rao; Max Risch,2025-12-10,"Abstract A common concern surrounding minimum wage policies is their impact on independent businesses, which are often feared to be less able to bear or pass on cost increases. We examine how these typically small and medium-size firms accommodate minimum wage increases along product and labor market margins using a matched owner-firm-worker panel data set drawn from the universe of U.S. tax records over a 10-year period, and using state minimum wage changes as identifying variation. We find that on average, firms in highly exposed industries do not substantially reduce employment—they do not lay off workers but moderately reduce part-time hiring. Instead, these firms are able to fully finance the new labor costs with new revenues, leaving average owner profits unchanged. Higher wage floors, however, forestall entry, particularly for less productive firms, reducing the number of independent firms operating in these industries by roughly 2%. Yet these industries do not shrink; instead, incumbent responses and strong positive selection among entrants reshape industries that rely heavily on low-wage workers, yielding fewer but more productive firms after the cost shock. We also take a worker-level perspective to examine how potentially vulnerable individuals are affected by minimum wage increases. Using panels of low-earning and young workers, we find that their average earnings rise substantially with the minimum wage, while they are no less likely to be employed. Worker transitions indicate that minimum wage increases boost retention and that worker reallocation from independent firms toward corporations buffers disemployment impacts from reduced hiring at independent firms.",The Quarterly Journal of Economics,https://doi.org/10.1093/qje/qjaf053,old,2025-12-19,2026-01-05T05:57:16Z
iza18290,Who Gets Job Offers When Minimum Wages Rise? Evidence from China,Shuang Ma; Ren Mu; Han Xiao,2025-11-01,"Minimum wage increases are often accompanied by firms raising qualification requirements in job postings, but whether this skill upgrading reflects changes in who applies (composition effects) or changes in whom firms select from an unchanged applicant pool (selection effects) remains unclear. Using unique data from a large online job platform in China that links job postings, applications, and job offers, we compare firm hiring practices and applicant pools before versus after province-level minimum wage increases, treated versus control provinces, and minimum-wage versus higher-wage occupations. We find that firms raise educational requirements in postings by 3-4 percentage points and increase job offers to college-educated workers by 30\%, while offers to less-educated workers remain unchanged. At the same time, the application volumes and applicant characteristics remain unchanged. This pattern reveals that the shift in job offers occurs entirely through the selection effect, as the short-run labor supply response is limited even when firms actively attempt to reshape their applicant pools. Minimum wage increases thus redistribute employment opportunities among existing job seekers away from less educated workers.",IZA Discussion Paper,https://www.iza.org/publications/dp/18290/who-gets-job-offers-when-minimum-wages-rise-evidence-from-china,old,2025-12-04,2025-12-04T00:00:00Z
https://openalex.org/W4416265789,Minimum wages in a dual labor market: Evidence from the 2019 minimum-wage hike in Spain,Alexander Hijzen; Mateo Montenegro; Ana Sofia Pessoa,2025-11-17,NA,Labour Economics,https://doi.org/10.1016/j.labeco.2025.102826,old,2025-11-30,2026-04-24T07:24:49Z
https://openalex.org/W4416414145,Labour market outcomes of minimum wage changes: A behavioural perspective,Tong Wang,2025-11-20,NA,Labour Economics,https://doi.org/10.1016/j.labeco.2025.102824,old,2025-11-30,2025-12-02T05:45:57Z
https://openalex.org/W4416694477,"Supply, Demand, Institutions, and Firms: A Theory of Labor Market Sorting and the Wage Distribution",Daniel Haanwinckel,2025-11-26,"This paper examines how workforce composition, labor demand, and minimum wage jointly determine wages through their effects on worker-task assignments, firm wage premiums, and firm-worker sorting. Using an estimated model of monopsonistic local labor markets, it finds that minimum wage hikes and labor demand shocks drove the decline in Brazilian wage inequality from 1998 to 2012. While rising educational attainment compressed skill premiums within firms, it also reallocated skilled workers to high-wage firms, limiting that shock’s effect on inequality. The analysis highlights interactions among exogenous factors, showing that concurrent supply and demand changes attenuated minimum wage impacts. (JEL J22, J23, J24, J31, J38, J42, R23)",American Economic Review,https://doi.org/10.1257/aer.20201293,old,2025-11-30,2025-11-30T00:00:00Z
https://openalex.org/W4416573804,Which Firms Offer Better Jobs for Low-Wage Service Workers? Evidence from Fast-Food Franchising,Can Ouyang; Rosemary Batt,2025-11-24,"A central question in the debate over low-wage service work concerns whether and how the quality of jobs can be improved. As employers have increasingly reduced labor costs by dismantling internal labor markets and adopting networked forms of organization, such as subcontracting or franchising, a growing proportion of workers are now employed by secondary firms—a process known as “fragmenting” or “fissuring” of workplaces. Although existing research shows that primary firms generally offer better wages and working conditions than secondary firms, much less is known about variation in job quality among secondary firms. This study examines two potential sources of that variation: firm characteristics and minimum wage laws. Drawing on a stratified national random survey of fast-food franchisees matched to brand-level archival data and relevant minimum wage rates, the authors’ findings provide mixed support for the conventional wisdom that larger and more experienced firms offer better jobs. While these firms are more selective in hiring and offer more training and benefits, they also limit work discretion, employ fewer full-time workers, and offer lower weekly wages—the latter due to reduced work hours not lower hourly rates. By contrast, the legal minimum wage is the most important determinant of hourly wage rates.",Industrial and Labor Relations Review,https://doi.org/10.1177/00197939251391129,old,2025-11-30,2025-11-30T00:00:00Z
https://openalex.org/W7106705834,"Supply, Demand, Institutions, and Firms: A Theory of Labor Market Sorting and the Wage Distribution",Daniel Haanwinckel,2025-11-26,"This paper examines how workforce composition, labor demand, and minimum wage jointly determine wages through their effects on worker-task assignments, firm wage premiums, and firm-worker sorting. Using an estimated model of monopsonistic local labor markets, it finds that minimum wage hikes and labor demand shocks drove the decline in Brazilian wage inequality from 1998 to 2012. While rising educational attainment compressed skill premiums within firms, it also reallocated skilled workers to high-wage firms, limiting that shock’s effect on inequality. The analysis highlights interactions among exogenous factors, showing that concurrent supply and demand changes attenuated minimum wage impacts. (JEL J22, J23, J24, J31, J38, J42, R23)",American Economic Review,https://doi.org/10.1257/aer.20201293,old,2025-11-28,2025-11-28T00:00:00Z
https://openalex.org/W7106524090,Which Firms Offer Better Jobs for Low-Wage Service Workers? Evidence from Fast-Food Franchising,Can Ouyang; Rosemary Batt,2025-11-24,"A central question in the debate over low-wage service work concerns whether and how the quality of jobs can be improved. As employers have increasingly reduced labor costs by dismantling internal labor markets and adopting networked forms of organization, such as subcontracting or franchising, a growing proportion of workers are now employed by secondary firms—a process known as “fragmenting” or “fissuring” of workplaces. Although existing research shows that primary firms generally offer better wages and working conditions than secondary firms, much less is known about variation in job quality among secondary firms. This study examines two potential sources of that variation: firm characteristics and minimum wage laws. Drawing on a stratified national random survey of fast-food franchisees matched to brand-level archival data and relevant minimum wage rates, the authors’ findings provide mixed support for the conventional wisdom that larger and more experienced firms offer better jobs. While these firms are more selective in hiring and offer more training and benefits, they also limit work discretion, employ fewer full-time workers, and offer lower weekly wages—the latter due to reduced work hours not lower hourly rates. By contrast, the legal minimum wage is the most important determinant of hourly wage rates.",Industrial and Labor Relations Review,https://doi.org/10.1177/00197939251391129,old,2025-11-27,2025-11-27T00:00:00Z
https://openalex.org/W7106097639,Labour market outcomes of minimum wage changes: A behavioural perspective,Tong Wang,2025-11-20,NA,Labour Economics,https://doi.org/10.1016/j.labeco.2025.102824,old,2025-11-22,2025-11-27T05:49:01Z
https://openalex.org/W4409464115,A Measure of Trend Wage Inflation,Martín Almuzara; Richard Audoly; Davide Melcangi,2025-04-14,"ABSTRACT We extend time‐series models that have so far been used to study price inflation and apply them to a microlevel data set containing worker‐level information on hourly wages. We construct a measure of aggregate nominal wage growth that (i) filters out noise and very transitory movements, (ii) quantifies the importance of idiosyncratic factors for aggregate wage dynamics, and (iii) strongly co‐moves with labor market tightness, unlike existing indicators of wage inflation. We show that our measure is a reliable real‐time indicator of wage pressures and a good predictor of future wage growth.",Journal of Applied Econometrics,https://doi.org/10.1002/jae.3126,old,2025-11-19,2025-11-19T00:00:00Z
https://openalex.org/W4409546826,"Check in, check out: How periodic interviews lead immigrants to leave the labor force",Jussi Huuskonen; Sanni Kiviholma,2025-04-17,"• A 2017 policy reform increased interviews for unemployed jobseekers in Finland. • Intensified interviews pushed immigrant jobseekers out of the labor force. • Increased interviews did not boost employment transitions for immigrants. • Better language skills are associated with higher employment probabilities. Periodic interviews combine job search assistance and monitoring of job search. In 2017, a policy change increased the frequency with which public employment offices interviewed unemployed jobseekers in Finland. We study the effects of periodic interviews on unemployed immigrants’ exit rates from unemployment. Utilizing regional variation in the implementation of interviews, we find that the reform pushed immigrant jobseekers out of the labor force. We find no evidence that the intensifying of interviews increased unemployed immigrants’ transitions to employment, education, or active labor market programs. We document that immigrants’ better language skills are associated with higher employment probabilities.",Economics Letters,https://doi.org/10.1016/j.econlet.2025.112342,old,2025-11-19,2026-03-21T06:06:49Z
https://openalex.org/W4410235042,Public Finance Implications of Economic Inequality,Alan J. Auerbach,2025-05-01,"This paper considers questions about the implications of rising inequality for the theory and practice of public finance. It begins by addressing fundamental reasons why the distribution of income or wealth on an annual basis before taxes and transfers offers insufficient information: (1) it does not tell us what resources are actually available to households for consumption; and (2) in providing a snapshot of the resources available to individuals of different ages at a given moment in time, without controlling for life-cycle related differences or income dynamics, it can provide a misleading estimate of the underlying degree of inequality. The paper then considers the implications of high and perhaps rising economic inequality for the design of government policy: top marginal tax rates, phase-outs of government policies for those with higher incomes, the political economy of inequality, and other subjects.",The Journal of Economic Perspectives,https://doi.org/10.1257/jep.20241421,old,2025-11-19,2025-11-19T00:00:00Z
https://openalex.org/W4410110223,What explains public support for Canada's supply management regime?,Ryan Cardwell; Chad Lawley,2025-05-01,"Abstract We investigate elasticity of policy preferences to information about the economic effects of policy tools. We survey approximately 5,000 people and ask a referendum question about liberalizing supply management in Canada. Supply management regulates production and marketing of dairy and poultry products in Canada through production restrictions, regulated pricing, and import barriers. Support varies widely across political‐party affiliation, and across individuals with different views on redistributive fiscal policies, international trade liberalization, and perceptions of how supply management affects food prices. We estimate causal effects of information about personal costs and distributional effects of supply management on support for the policy in a randomized experiment. Treated participants receive personalized information about how supply management affects household grocery costs, and information about the policy's distributional effects. Policy support is responsive to information treatments, but these effects are small relative to differences in support across individuals' views on economic issues such as international trade and fiscal redistribution policies. We find little evidence of heterogenous treatment effects across respondent characteristics, suggesting the effects of our information treatments are not tied to views about political and economic issues.",Canadian Journal of Economics/Revue canadienne d économique,https://doi.org/10.1111/caje.70009,old,2025-11-19,2025-11-19T00:00:00Z
https://openalex.org/W7105840780,Minimum Wages in a Dual Labor Market: Evidence from the 2019 Minimum-Wage Hike in Spain,Alexander Hijzen; Mateo Montenegro; Ana Sofia Pessoa,2025-11-01,NA,Labour Economics,https://doi.org/10.1016/j.labeco.2025.102826,old,2025-11-18,2025-11-18T00:00:00Z
iza18234,Minimum Wages and Informality,Ellora Derenoncourt; Francois Gerard; Lorenzo Lagos; Claire Montialoux,2025-10-01,"How do minimum wages affect informality? We study the near-doubling of the real minimum wage from 2000 to 2009 in Brazil, where 46% of the workforce is informal. Using labor force surveys covering the informal sector, we show the minimum wage exhibits near full passthrough to informal employees working in formal firms, about half of all informal employees. The formal-to-informal reallocation elasticity with respect to the formal wage is small: -0.28. Our findings illustrate how minimum wages can positively affect living standards for workers thought beyond the reach of labor law, a sizable share of the workforce in developing economies.",IZA Discussion Paper,https://www.iza.org/publications/dp/18234/minimum-wages-and-informality,old,2025-11-07,2025-11-07T00:00:00Z
w34445,Minimum Wages and Informality,Ellora Derenoncourt; François Gerard; Lorenzo Lagos; Claire Montialoux,2025-11-06,"How do minimum wages affect informality? We study the near-doubling of the real minimum wage from 2000 to 2009 in Brazil, where 46% of the workforce is informal. Using labor force surveys covering the informal sector, we show the minimum wage exhibits near full passthrough to informal employees working in formal firms, about half of all informal employees. The formal-to-informal reallocation elasticity with respect to the formal-wage is small: -0.28. Our findings illustrate how minimum wages can positively affect living standards for workers thought beyond the reach of labor law, a sizable share of the workforce in developing economies.",NBER Working Paper,https://nber.org/papers/w34445,old,2025-11-06,2025-11-09T05:44:00Z
https://openalex.org/W4415847069,More Than a Floor: Analysing the Distributive and Employment Impacts of a Wage Policy,Pablo Blanchard; Paula Carrasco; Rodrigo Ceni; Cecilia Parada,2025-11-04,"ABSTRACT This paper examines the distributive impact and labour market spillovers of Uruguay's wage policy, which combines a national minimum wage with over 200 sectoral wage floors established through collective bargaining. Using matched employer–employee administrative data, we find that the wage policy reduces wage inequality by 3–6 log points in the lower tail of the wage distribution, particularly among male workers and in the early years of its implementation. Analysis of job dynamics reveals that inequality persists in specific groups with higher job displacement rates (4–8 percentage points), primarily observed in the lower end of the wage distribution and in highly impacted sectors. Despite this displacement, employment effects are minimal for these groups and virtually non‐existent for those experiencing lower job displacement.",British Journal of Industrial Relations,https://doi.org/10.1111/bjir.70018,old,2025-11-06,2025-11-06T00:00:00Z
w33129,"Macro-Level Institutions and Micro-Level Economic Behavior: A Meta-Meta Analysis of 1,126 Studies",Jason A. Aimone; Sheryl Ball; Esha Dwibedi; Jeremy J. Jackson; James E. West,2024-11-07,"We combine societal-level institutional measures from 51 countries between 1996 and 2017 with individual decision-making outcome data from 1,126 laboratory experiments in six meta-analyses to evaluate the effects of within-country institutional change on pro-social and Nash behavior. We find that government effectiveness and regulatory freedom positively correlate with pro-social behavior. We find that freedom from each of the following components of regulation; interest rate controls, binding minimum wages, worker dismissal protections, conscription, and administrative requirements; are correlated with prosocial behavior and are inversely correlated with Nash behavior. These results suggest the importance of considering spillover effects in pro-social behavior when designing government policy.",NBER Working Paper,https://nber.org/papers/w33129,old,2025-11-05,2025-11-05T00:00:00Z
w33167,Minimum Wages and Race Disparities,David Neumark; Jyotsana Kala,2024-11-14,"We provide a comprehensive analysis of the effects of minimum wages on blacks, and on the relative impacts on blacks vs. whites. We study not only teenagers – the focus of much of the minimum wage-employment literature – but also other low-skill groups. We focus on employment, which has been the prime concern with the minimum wage research literature. We find evidence that job loss effects from higher minimum wages are more evident for blacks, and in contrast not very detectable for whites. Moreover, the effects of minimum wages are often large enough to generate adverse effects on earnings (and relative earnings) of blacks. Given strong residential segregation by race in the United States, the race difference in the effects of minimum wages implies that any adverse impacts fall on areas with a high black population share. We explore additional evidence on whether minimum wage effects are also more adverse in black areas, regardless of individual race. We find weak evidence of this heterogeneity, although it does accentuate the concentration of the adverse effects of minimum wages in areas where the black population is concentrated.",NBER Working Paper,https://nber.org/papers/w33167,old,2025-11-05,2025-11-05T00:00:00Z
w33720,Protection for Whom? The Political Economy of Protective Labor Laws for Women,Matthias Doepke; Hanno Foerster; Anne Hannusch; Michèle Tertilt,2025-04-24,"During the first half of the twentieth century, many US states enacted laws restricting women's labor market opportunities, including maximum hours restrictions, minimum wage laws, and night-shift bans. The era of so-called protective labor laws came to an end in the 1960s as a result of civil rights reforms. In this paper, we investigate the political economy behind the rise and fall of these laws. We argue that the main driver behind protective labor laws was men's desire to shield themselves from labor market competition. We spell out the mechanism through a politico-economic model in which singles and couples work in different sectors and vote on protective legislation. Restrictions are supported by single men and couples with male sole earners who compete with women for jobs. We show that the theory's predictions for when protective legislation will be introduced are well supported by US state-level evidence.",NBER Working Paper,https://nber.org/papers/w33720,old,2025-11-05,2025-11-05T00:00:00Z
w33467,Labor Market Monopsony: Fundamentals and Frontiers,Patrick M. Kline,2025-02-13,"This chapter reviews the theory of monopsonistic wage setting, its empirical implications, and some puzzles the framework has struggled to explain. We begin by examining the fundamentals of monopsonistic wage determination. The core of the theory is a mapping from the distribution of worker outside options to wages. We study non-parametric shape restrictions that ensure this mapping is unique. Building on these results, we introduce a menu of tractable parametrizations of labor supply to the firm, some of which are shown to emerge naturally from equilibrium search models. Next, we review why wage markdowns do not necessarily signal inefficiency and discuss some criteria for assessing misallocation in a monopsony model with search frictions. Turning to the model’s empirical implications, we examine how the magnitude of productivity-wage passthrough depends on the super-elasticity of labor supply to the firm and establish that compensating differentials for firm amenities depend on the curvature of the outside option distribution. We show that firm-specific shifts in either productivity or amenities can be used as instruments to identify labor supply elasticities and review strategies for estimating non-constant elasticities. We then consider extensions of the basic model involving third-degree wage discrimination and examine their ability to rationalize patterns of worker-firm sorting. Monopsony models traditionally assume that firms commit to posted wages. Relaxing this assumption, we develop a connection between the first-order conditions of the monopsony model and models of bargaining with incomplete information. These models explain why bilateral inefficiencies may persist in the presence of negotiation, yield predictions about the response of within-firm wage dispersion to productivity shocks, and suggest reasons why some productivity shifters may not constitute excludable instruments. Next, we endogenize productivity by allowing for efficiency wages, non-constant returns to scale, and price-cost markups. Empirical monopsony estimates often suggest that firms enjoy implausibly large profit margins. We argue that allowing for non-constant labor supply elasticities and firm adjustment costs can potentially resolve this difficulty. Finally, we review why the strong passthrough of minimum wages to product prices presents a challenging puzzle for standard monopsony models and discuss potential reconciliations to this puzzle involving firm heterogeneity, quality upgrading, and lumpy price adjustment.",NBER Working Paper,https://nber.org/papers/w33467,old,2025-11-05,2025-11-05T00:00:00Z
w34165,Robinson Meets Roy: Monopsony Power and Comparative Advantage,Mark Bils; Bariş Kaymak; Kai-Jie Wu,2025-08-21,"We provide a number of insights into the nature and consequences of monopsony power through the lens of comparative advantage, where employers’ power in wage setting stems from match-specific rents. Chief among them is that employers will apply larger wage markdowns to workers with greater comparative advantage at their firm. This leads to stronger monopsony power over more productive workers, provided the workers’ comparative advantage aligns with their absolute advantage. Using Brazilian administrative data, we confirm this prediction: monopsony disproportionately affects high-wage workers within firms and workers at high-paying firms. The model, calibrated to our estimates for Brazil, predicts that minimum wages increase both wages and formal employment for more productive workers while pushing less productive workers out of formal employment.",NBER Working Paper,https://nber.org/papers/w34165,old,2025-11-05,2025-11-05T00:00:00Z
w33862,"City Size, Monopsony, and the Employment Effects of Minimum Wages",Priyaranjan Jha; Jyotsana Kala; David Neumark; Antonio Rodriguez-Lopez,2025-05-30,"We assess how minimum wage effects on restaurant employment in the U.S. vary with labor market size and monopsony power. Using city-level data, we construct monopsony proxies based on labor flows and concentration. Minimum wages bind less in larger cities, consistent with the urban wage premium, and omitting this relationship overstates how labor market power reduces adverse employment effects of minimum wages. Nonetheless, accounting for city size, lower job market fluidity is linked to weaker negative employment effects, consistent with search models. By contrast, traditional concentration measures do not consistently predict variation in the effects of minimum wages.",NBER Working Paper,https://nber.org/papers/w33862,old,2025-11-05,2025-11-05T00:00:00Z
w34188,Minimum Wages and the Distribution of Firm Wage Premia,Marcelo L. Bergolo; Rodrigo Ceni; Mathias Fondo; Damián Vergara,2025-08-29,"This paper leverages a large minimum wage reform in Uruguay to study the effects of minimum wages on the distribution of firm wage premia. Wage inequality decreased substantially after the reform, with almost all of the decrease attributed to a reduction in between-firm inequality. AKM variance decompositions show that the relative variance of firm fixed effects substantially decreased after the reform. A time-varying AKM model reveals that this pattern was driven by a compression in the distribution of firm fixed effects, with low-paying firms increasing their fixed effect after the minimum wage increase. Both firm-level and worker-level difference-in-differences analyses show that the minimum wage reform had a causal effect on the compression in the distribution of firm wage premia. The results suggest that minimum wages can increase the supply of ""good jobs"" by ""making bad jobs better"", in addition to reallocating workers towards ""good jobs"".",NBER Working Paper,https://nber.org/papers/w34188,old,2025-11-05,2025-11-05T00:00:00Z
w33990,Effects of the Minimum Wage on Employment of Young Adults with Cognitive Disabilities,Barry Chiswick; Hope Corman; Dhaval M. Dave; Nancy Reichman,2025-07-03,"We estimate the effects of increases in the minimum wage on labor market outcomes of working-age adults with cognitive disabilities, a vulnerable and low-skilled group, using data from the American Community Survey (2008-2023) and a generalized difference-in-differences research design. We found that a higher effective minimum wage reduces employment and labor force participation but has no effect on labor supply at the intensive margin for this group. Effects were stronger for those with lower educational attainment. We found no significant labor market effects of an increase in the minimum wage for individuals with physical disabilities or in the non-disabled population.",NBER Working Paper,https://nber.org/papers/w33990,old,2025-11-05,2025-11-05T00:00:00Z
w34244,Exposure to Science and Scientific Careers: Evidence from Minimum Wage Increases and University Lab Employment,Ina Ganguli; Raviv Murciano-Goroff,2025-09-11,"We study how exposure to scientific research in university laboratories influences students’ pursuit of careers in science. Using administrative data from thousands of research labs linked to student career outcomes and a difference-in-differences design, we show that state minimum wage increases reduce employment of undergraduate research assistants in labs by 7.4%. Undergraduates exposed to these minimum wage increases graduate with 18.1% fewer quarters of lab experience. Using minimum wage changes as an instrumental variable, we estimate that one fewer quarter working in a lab, particularly early in college, reduces the probability of working in the life sciences industry by 2 percentage points and of pursuing doctoral education by 7 percentage points. These effects are attenuated for students supported by the Federal Work-Study program. Our findings highlight how labor market policies can shape the career paths of future scientists and the importance of budget flexibility for principal investigators providing undergraduates with research experience.",NBER Working Paper,https://nber.org/papers/w34244,old,2025-11-05,2025-11-05T00:00:00Z
w34405,Careers of Minimum Wage Workers,Sari Pekkala Kerr; William R. Kerr; Louis J. Maiden,2025-10-23,"We characterize the careers of minimum wage workers by merging SIPP panels covering 1992-2016 into the LEHD. A long-run analysis shows strong earnings growth for these workers in subsequent decades, becoming indistinguishable from peers earning modestly more initially. Most of this growth is due to the steep earnings trajectories of young workers. Older workers earning minimum wages show a modest dip in earnings at that moment compared to earlier and later periods. Increases in state minimum wages do not significantly alter the future careers of workers who are on the minimum wage when the increases occur.",NBER Working Paper,https://nber.org/papers/w34405,old,2025-11-05,2025-11-05T00:00:00Z
w34033,Did California's Fast Food Minimum Wage Reduce Employment?,Jeffrey Clemens; Olivia Edwards; Jonathan Meer,2025-07-10,"We analyze the effect of California's $20 fast food minimum wage, which was enacted in September 2023 and went into effect in April 2024, on employment in the fast food sector. In unadjusted data from the Quarterly Census of Employment and Wages, we find that employment in California's fast food sector declined by 2.7 percent relative to employment in the fast food sector elsewhere in the United States from September 2023 through September 2024. Adjusting for pre-AB 1228 trends increases this differential decline to 3.2 percent, while netting out the equivalent employment changes in non-minimum-wage-intensive industries further increases the decline. Our median estimate translates into a loss of 18,000 jobs in California's fast food sector relative to the counterfactual.",NBER Working Paper,https://nber.org/papers/w34033,old,2025-11-05,2025-11-05T00:00:00Z
w33433,Minimum Wage Laws and Job Search,Vitor C. Melo; Christopher Kaiser; David Neumark; Liya Palagashvili; Michael D. Farren,2025-01-31,"A large theoretical literature on job search predicts that a higher minimum wage will increase the number of job seekers for affected jobs, which can lead to more job creation and higher employment. This paper uses novel data on job search in all U.S. states to examine the effect of minimum wage increases on the number of job seekers for low-skilled positions. We find no evidence that higher minimum wages increase job search for low-skilled jobs. Instead, the evidence suggests that higher minimum wages decrease the number of workers seeking employment.",NBER Working Paper,https://nber.org/papers/w33433,old,2025-11-05,2025-11-05T00:00:00Z
w33437,Divergent Paths: Differential Impacts of Minimum Wage Increases on Individuals with Disabilities,Jeffrey Clemens; Melissa D. Gentry; Jonathan Meer,2025-01-31,"We analyze the differential effects of minimum wage increases on individuals with disabilities using data from the American Community Survey and leveraging state-level minimum wage variation during the 2010s. We find that large minimum wage increases significantly reduce employment and labor force participation for individuals of all working ages with severe disabilities. These declines are accompanied by a downward shift in the wage distribution and an increase in public assistance receipt. By contrast, we find no employment effects for all but young individuals with either non-severe disabilities or no disabilities. Our findings highlight important heterogeneities in minimum wage impacts, raising concerns about labor market policies’ unintended consequences for populations on the margins of the labor force.",NBER Working Paper,https://nber.org/papers/w33437,old,2025-11-05,2025-11-05T00:00:00Z
w33479,"The Minimum Wage, Turnover, and the Shape of the Wage Distribution",Pierre R. Brochu; David A. Green; Thomas Lemieux; James H. Townsend,2025-02-13,"This paper proposes an empirical approach to decompose the distributional effects of minimum wages into effects for workers moving out of employment, workers moving into employment, and workers continuing in employment. We estimate the effects of the minimum wage on the hazard rate for wages, which provides a convenient way of re-scaling the wage distribution to control for possible employment effects. We find that minimum wage increases do not result in an abnormal concentration of Job Leavers below the new minimum wage, which is inconsistent with employment effects predicted by a neoclassical model. We also find that, for Job Stayers, the spike and spillover effects of the minimum wage are simply shifted right to the new minimum wage. Our findings are consistent with a model where entry wages are set according to a job ladder, and where firms anchor their internal wage structure on the minimum wage due to fairness or internal incentives issues.",NBER Working Paper,https://nber.org/papers/w33479,old,2025-11-05,2025-11-05T00:00:00Z
w33614,The Macroeconomic Dynamics of Labor Market Policies,Erik Hurst; Patrick J. Kehoe; Elena Pastorino; Thomas Winberry,2025-03-27,"We develop a dynamic macroeconomic framework with worker heterogeneity, putty-clay adjustment frictions, and firm monopsony power to study the distributional impact of labor market policies over time. Our framework reconciles the well-known tension between low short-run and high long-run elasticities of substitution across inputs of production, especially among workers with different skills within a same education group. We use this framework to evaluate the effects of redistributive policies such as the minimum wage and the Earned Income Tax Credit. We argue that since these policies generate slow transition dynamics that can differ greatly in the short and long run, a serious assessment of their overall impact must take account of the entire time path of the responses they induce.",NBER Working Paper,https://nber.org/papers/w33614,old,2025-11-05,2025-11-05T00:00:00Z
https://openalex.org/W4404387778,Equilibrium effects of payroll tax reductions and optimal policy design,Thomas Breda; Luke Haywood; Haomin Wang,2024-11-14,NA,Labour Economics,https://doi.org/10.1016/j.labeco.2024.102646,old,2025-11-04,2025-11-04T00:00:00Z
https://openalex.org/W4404654398,Long-term employment effects of the minimum wage in Germany: New data and estimators,Marco Caliendo; Nico Pestel; Rebecca Olthaus,2024-11-23,"We investigate the long-term effects of the introduction of the German minimum wage in 2015 and its subsequent increases on regional employment. Using comprehensive survey data, we are able to measure the regional bite of the minimum wage in 2014, just before its introduction, as well as in 2018, before it was raised substantially in several steps. The introduction mainly affected the labour market in East Germany, while the minimum wage increases increasingly affected low-wage regions in West Germany, with about one third of regions changing their (binary) treatment status between 2014 and 2018. We use different specifications and extensions of the canonical difference-in-differences approach, as well as a set of new estimators that allow unbiased effect estimation with a staggered treatment adoption and heterogeneous treatment effects. Our results show a small negative effect on total dependent employment of 0.5%, driven by a significant reduction in marginal employment of 2.4%. The extended specifications suggest additional effects of the minimum wage increases, as well as stronger negative effects for those regions that were strongly affected by the minimum wage in both periods.",Labour Economics,https://doi.org/10.1016/j.labeco.2024.102648,old,2025-11-04,2025-11-21T05:48:09Z
https://openalex.org/W4404852122,Do minimum wage increases induce changes in work behavior for people with disabilities? Evidence from the AbilityOne program,Jiyoon Kim; Michael Levere; Ellen Magenheim,2024-11-29,NA,Labour Economics,https://doi.org/10.1016/j.labeco.2024.102663,old,2025-11-04,2025-11-04T00:00:00Z
https://openalex.org/W4415051770,Minimum Wages and Insurance within the Firm,Effrosyni Adamopoulou; Francesco Manaresi; Omar Rachedi; Emircan Yurdagul,2025-10-10,NA,Journal of Labor Economics,https://doi.org/10.1086/739080,old,2025-11-04,2025-11-04T00:00:00Z
https://openalex.org/W4415700285,International Trade Responses to Labor Market Regulations,Mathilde Muñoz,2025-10-30,"This paper demonstrates that labor market regulations, such as minimum wages or payroll taxes, shape trade competition in labor-intensive activities. I exploit data from a large European trade program where firms from different countries supply labor services at the same location but face different payroll taxes and minimum wage rules. Country case studies and model-consistent gravity estimates show large trade responses to tax and regulatory reforms, with an elasticity of trade in services to labor costs larger than one. The results imply that absent regulatory and fiscal harmonization, export competitiveness depends, in part, on domestic labor market policies. (JEL F14, F16, F42, H25, J22, J23, K31)",American Economic Review,https://doi.org/10.1257/aer.20231531,old,2025-11-03,2025-11-03T00:00:00Z
https://openalex.org/W4405392010,Concentration and mergers: evidence from Italian labor markets,Filippo Passerini,2024-12-13,"Abstract This article investigates the effects of labor market concentration on employment, job security, and wages. By constructing a flow-based index, I find that concentration is generally low across markets but varies across industries. Then, I use a Two-Stage Least Squares (TSLS) strategy based on the different exposures of industries to horizontal mergers. I find that mergers increase concentration, which in turn reduces wages by −0.14 and −0.07 and hires by −0.77 and −0.68%age points. I also find that (1) concentration does not affect the likelihood of a permanent hire but increases the probability that, when a temporary worker is renewed, the contract is again temporary; (2) men are affected by concentration only through wages, while women are less affected but also through job security; (3) estimates magnitude increases in concentration levels.",Oxford Economic Papers,https://doi.org/10.1093/oep/gpae050,old,2025-10-24,2025-10-24T00:00:00Z
https://openalex.org/W4407380164,Politicising Commodification: European Governance and Labour Politics From the Financial Crisis to the Covid Emergency,Paul Marginson,2025-02-07,"Politicising Commodification provides a path-breaking, comprehensive and rigorous analysis of the nature and impact of the European Union's New Economic Governance (NEG) policy regime on employment relations (ER) and public service provision from its ad hoc inception in 2009, under the financial crisis, through to the Covid emergency and its immediate aftermath. It also explores the transnational collective protest actions by trade unions and social movements that the NEG and other forms of EU intervention triggered. It does so by drawing on an in-depth, three-dimensional comparison of: the two policy areas; three sectors (transport, water and healthcare); at EU level and from the vantage point of four countries (Germany, Ireland, Italy and Romania). The first part elaborates the conceptual framework and research design; the second part examines the policy prescriptions emanating from the NEG, and the transnational collective action they prompted, for the two policy areas and three sectors, and presents a compelling comparative analysis. The final part identifies changes and continuities in the NEG regime under the Covid emergency. Work on the trajectory of EU integration since the mid-1980s launch of the EU's Single Market programme has distinguished between negative, market-making and positive, market-correcting integration measures and dynamics. Erne et al. replace this well-established distinction with that between vertical (political) integration and horizontal (market) integration: whilst the character of the latter is inherently marketing-making, the former can be either market-making or market-correcting. Building on this insight, they frame vertical market-making measures as being commodifying, subjecting labour and public services to market processes, and their market-correcting counterparts as de-commodifying, protecting them from such processes. The European Union's existing mechanisms of economic and social governance, contend Erne et al., were found wanting in the face of the severe economic imbalances and associated jeopardy to Economic and Monetary Union resulting from the financial crisis. The NEG enabled the EU authorities (the Commission and the Council) to prescribe and enforce policy changes deemed economically necessary, including in fields hitherto shielded by the EU's Treaty from vertical political intervention, including collective wage bargaining. Initially, an ad hoc mechanism to govern the Memoranda of Understandings (MoUs) reached with Member States receiving financial bailouts, the NEG was formalised as an additional EU-wide instrument of governance in 2011. Its essence mimics the private governance arrangements through which transnational companies control their subsidiaries, including use of benchmarking of key performance indicators; financial awards and sanctions; and ad hoc policy prescriptions, in an ongoing annual cycle covering each member state. Unlike other modes of EU governance, 'NEG does not follow [the] logic of democratic interest intermediation. It is instead a new policymaking space at the borderline of democracy, bypassing national and European parliaments and social partners' (p. 33). Erne et al. observe that horizontal (market) integration and vertical (political) integration offer different 'crystallisation points' (p. 44) for countervailing collective action by trade unions and social movements. Vertical measures are more tangible and hence more readily politicised and contested. However, compared with the universal impacts across member states of proposed EU directives, the NEG's policy prescriptions are country specific, presenting more of an obstacle to transnational mobilisation: the NEG 'risks being a supranational regime that nationalises social conflict' (p. 50). The four countries differ in their position, core or periphery, within the EU's political economy; and their location within the policy enforcement spectrum of the NEG's regime. Under MoUs, countries are deemed subject to 'very significant' coercive power from the EU authorities; under the EU's corrective macro-economic procedure, they are subject to 'significant' coercive power; otherwise, under 'softer' EU policy and surveillance frameworks, countries are subject to 'weak' coercive power (p. 86). A mix of methods underpins the extensive European- and national-level fieldwork. For the analysis of NEG policy prescriptions, the commodification/de-commodification dichotomy is operationalised along quantitative and qualitative dimensions, contrasting curtailment or expansion of resources and marketising or de-marketising processes, respectively. For ER, the focus is on wage levels, collective wage bargaining arrangements and hiring and firing mechanisms. For public services, and the three sectors, the focus is on resource levels, governance mechanisms for service provision and citizens' access to services. Comparing the two policy areas, commodifying policy prescriptions predominate numerically and in their coercive power on both quantitative and qualitative dimensions. Prescriptions for public services point more consistently in a commodifying direction than those for ER, reflecting lesser marketizing pressures from horizontal integration on public services than ER. The pattern across sectors evidences some variation: whilst qualitative policy prescriptions are invariably commodifying–as are quantitative ones in healthcare–quantitative prescriptions in transport and water tend to be de-commodifying, tasking governments to invest in infrastructures. While the coercive power of commodifying prescriptions tends to be (very) significant, that of de-commodifying ones is weak. Across the two policy areas and three sectors, Erne et al. demonstrate that NEG policy prescriptions are driven by an 'overarching commodification policy script' (p. 297), particularly on the qualitative dimension, that is, driving forward marketisation. The finding is salient: the focus of much debate on the NEG has been on its quantitative impact (i.e., austerity). Yet, its qualitative impact is more consequential and more difficult to reverse. Drawing on their original database of transnational collective protest actions, Erne et al. find that proposed European legislation with a commodifying objective is the predominant trigger. In contrast, transnational protests triggered by NEG policy prescriptions account for under 10% of those targeted at the EU authorities post-2009–underlining the greater obstacles to cross-border mobilisation. This is attributed to the variable geography of the NEG's enforcement regime, involving markedly different degrees of coercive power between countries, as well as its nationally differentiated policy prescriptions. Inherent limitations of the NEG are identified: unlike the constituent elements of a TNC, electorates can ditch managements (i.e., governments) implementing unpopular, EU-mandated policies and elect alternative ones in their place; policy prescriptions are uneven in their impact across countries, and through time those with weak coercive powers are frequently ignored. Hence, the European authorities continued recourse to ordinary legislative initiatives (i.e., directives). These are more equal in their impact across countries, but also more open to transnational contestation. Changes to the NEG regime were instigated to meet the exigencies of the Covid emergency: the coercive macro-economic imbalance procedure was suspended, and a substantial EU-wide Recovery and Resilience Facility (RRF) was launched. The focus on country-specific policy prescriptions continued. Disbursements to countries from the RRF are conditional on their implementation, augmenting the EU authorities' coercive power. The prescriptive trajectories in the two policy areas, however, 'pointed in opposite directions' (p. 348). Public services continued to be subject to commodifying prescriptions to further marketise provision, whereas ER experienced a sharp policy turn in a de-commodifying direction. The few policy prescriptions addressing ER were de-commodifying, whilst new market-correcting legislation was enacted, notably the 2022 Adequate Minimum Wages Directive. This also promotes sectoral collective wage bargaining: paradoxically, bringing wage-setting within the scope of EU governance under the NEG regime paved the way for this substantial de-commodifying measure. Politicising Commodification stands as a likely enduring reference work on the NEG, EU governance more broadly, and (transnational) labour and social movement politics. The issue of generalisation to other country vantage points and other sectors is left open: would the perspective from one of the Visegrad or Nordic countries confirm or question (some) findings? Likewise, the outcome of taking a private service sector, such as banking, or a production sector, such as construction, as a lens? The limits of the NEG regime given the contingent nature of its enforcement powers invite questions about its future role. A product of its time, does it remain a 'fleet in waiting' offering a tool box with path-shifting potential which can be mobilised in the face of a future crisis?",British Journal of Industrial Relations,https://doi.org/10.1111/bjir.12876,old,2025-10-24,2025-10-24T00:00:00Z
https://openalex.org/W4404550820,"Labor, Management, Government, and Labor Markets: A Festschrift in Honor of Thomas A. Kochan",Robert J. Batt; Joel Cutcher‐Gershenfeld; Ann C. Frost; John Paul MacDuffie,2024-11-19,"In September 2022, former students and colleagues of Thomas A. Kochan organized a Festschrift, a “festival of writing,” to honor his impact on Industrial Relations and related fields. The Festschrift generated more than two dozen articles and commentaries in a forthcoming book, as well as the four articles featured here in the ILR Review. These articles include “A Tale of Two Locals,” focused on contrasting responses to the 2019 GM-UAW strike; “The Need for Speed,” focused on the role of employers in immigrant work visa prioritization; “Incentives to Comply with the Minimum Wage,” comparing enforcement in the United States and the United Kingdom; and “Gendered Job Search” focused on gender differences in reservation wages and job applications. The articles highlight the roles of labor, management, and government as actors in an industrial relations system. Together these articles and the additional collection in the forthcoming book exemplify Tom Kochan’s leadership in advancing industrial relations theory, policy, and practice.",Industrial and Labor Relations Review,https://doi.org/10.1177/00197939241293730,old,2025-10-24,2025-11-04T05:41:42Z
https://openalex.org/W4404699644,Incentives to Comply with the Minimum Wage in the United States and the United Kingdom,Anna Stansbury,2024-11-25,"There is substantial evidence of minimum wage non-compliance in the United States and the United Kingdom. In this article, the author compiles new, comprehensive data on the costs that minimum wage violators incur when non-compliance is detected. In both countries, the costs violators face are often little more than the money they saved by underpaying. To have an incentive to comply under existing penalty regimes, typical US firms would thus have to expect a 47% to 83% probability of detection by the Department of Labor (DOL), or a 25% probability of a successful Fair Labor Standards Act (FLSA) suit. In the United Kingdom, typical firms would have to expect a 44% to 56% probability of detection. Actual probabilities of detection are substantially lower than this for many firms and would likely remain so even with realistic increases in enforcement capacity. Improved enforcement alone is thus insufficient: Expected penalties must also substantially increase to ensure that most firms have an incentive to comply.",Industrial and Labor Relations Review,https://doi.org/10.1177/00197939241299417,old,2025-10-24,2025-11-04T05:41:42Z
https://openalex.org/W4404908674,Power to Win: The Living Wage Movement in Aotearoa New Zealand,Calum Carson,2024-12-02,NA,British Journal of Industrial Relations,https://doi.org/10.1111/bjir.12865,old,2025-10-24,2025-10-24T00:00:00Z
https://openalex.org/W4405696170,Employment and Distributional Effects of Greece's National Minimum Wage,Stelios Roupakias,2024-12-23,"ABSTRACT This paper explores the short‐run effects of minimum wage policies on the distribution of earnings and employment. We exploit the variation in the “bite” of the minimum wage across region‐industry cells, employing data from the Greek Labour Force Survey over the period 2015–2020. Using a Difference‐in‐Differences strategy, we estimate unconditional quantile regressions that yield economically important effects, at the bottom end of the earnings distribution. In particular, the estimated coefficients suggest a 14% and 7% rise in the wages for workers concentrated around the 10th and the 20th percentile, respectively. Importantly, we find that this does not come at the expense of disemployment effects, either at the extensive or at the intensive margin.",Labour,https://doi.org/10.1111/labr.12284,old,2025-10-24,2025-11-04T05:41:42Z
https://openalex.org/W4405889145,Price Floors and Employer Preferences: Evidence from a Minimum Wage Experiment,John J. Horton,2024-12-30,"Firms posting job openings in an online labor market were randomly assigned minimum hourly wages. When facing a minimum wage, fewer firms hired, but those they did hire paid higher wages. Hoursworked fell substantially. Treated firms shifted to hiring more productive workers. Using the platform's imposition of a market-wide minimum wage after the experiment, I find that many of the experimental results also hold in equilibrium, including the substitution towards more productive workers. However, there was also a large reduction in the number of jobs posted for which the minimum wage would likely bind. (JEL J22, J23, J31, J38)",American Economic Review,https://doi.org/10.1257/aer.20170637,old,2025-10-24,2025-10-24T00:00:00Z
https://openalex.org/W4406965375,"Minimum Wages, Efficiency, and Welfare",David Berger; Kyle Herkenhoff; Simon Mongey,2025-01-01,"Many argue that minimum wages can prevent efficiency losses from monopsony power. We assess this argument in a general equilibrium model of oligopsonistic labor markets with heterogeneous workers and firms. We decompose welfare gains into an efficiency component that captures reductions in monopsony power and a redistributive component that captures the way minimum wages shift resources across people. The minimum wage that maximizes the efficiency component of welfare lies below $8.00 and yields gains worth less than 0.2% of lifetime consumption. When we add back in Utilitarian redistributive motives, the optimal minimum wage is $11 and redistribution accounts for 102.5% of the resulting welfare gains, implying offsetting efficiency losses of −2.5%. The reason a minimum wage struggles to deliver efficiency gains is that with realistic firm productivity dispersion, a minimum wage that eliminates monopsony power at one firm causes severe rationing at another. These results hold under an EITC and progressive labor income taxes calibrated to the U.S. economy.",Econometrica,https://doi.org/10.3982/ecta21466,old,2025-10-24,2025-10-24T00:00:00Z
https://openalex.org/W4406170137,Fostering Soft Skills in Active Labor Market Programs,Analía Schlosser; Yannay Shanan,2025-01-08,NA,The Journal of Human Resources,https://doi.org/10.3368/jhr.0723-13013r1,old,2025-10-24,2025-10-24T00:00:00Z
https://openalex.org/W4406807793,The effects of a disability employment quota when compliance is cheaper than defiance,Judit Krekó; Álmos Telegdy,2025-01-24,"Abstract This paper evaluates the effects of the Hungarian disability employment quota, which requires firms over a size threshold to employ individuals with disabilities or pay a non‐compliance tax. In 2010, the tax was raised from very low levels to 170% of the minimum wage cost associated with meeting the quota. We employ a regression discontinuity design on firm‐level data to estimate the effects of the policy and provide a lower‐bound estimate to account for the potential bias resulting from firms bunching below the threshold. Firms respond to the quota by hiring 0.24–0.29 additional workers with disabilities, with a lower bound estimate of 0.12–0.17. However, about two‐thirds of the quota is not fulfilled, which is puzzling as the tax is higher than the minimum wage cost of a worker with disabilities. Our model shows that high hiring costs associated with employing individuals with disabilities might be an important factor behind this anomaly. We test this hypothesis by showing that the effect is weaker in regions with a low share of individuals with disabilities, implying that without adequate policies targeting the removal of supply‐side barriers to the employment of people with disabilities, even strong demand‐side financial incentives cannot achieve their goals.",Economica,https://doi.org/10.1111/ecca.12568,old,2025-10-24,2025-10-24T00:00:00Z
https://openalex.org/W4406918691,Do High Minimum Wages Harm the Progression of Minimum Wage Workers? Evidence From the <scp>United Kingdom</scp>,Silvia Avram; Susan Harkness,2025-01-28,"ABSTRACT Using panel data from the United Kingdom between 2009 and 2019, we study how substantial increases in the real and relative value of the minimum wage impacted on the wage progression of covered workers. We find that progression out of minimum wage jobs is frequent, although most workers remain low paid. Using hazard rate models, we find a short‐lived negative effect on progression associated with the introduction of the National Living Wage in 2016. In subsequent years, we find no evidence of significant adverse effects. We find similar results when we model wage growth directly.",Industrial Relations A Journal of Economy and Society,https://doi.org/10.1111/irel.12389,old,2025-10-24,2025-12-06T05:44:36Z
https://openalex.org/W4407682098,"The Race Between Education, Technology, and the Minimum Wage",Jonathan Vogel,2025-02-18,ABSTRACT What is the effect of the real minimum wage on wages and inequality? I develop a theory that nests the race between education and technology. The theory predicts that the effect of changes in minimum wages is initially small but grows over time. I present empirical evidence of these dynamic effects: the elasticity of real wages grows substantially over a three-year period. I show that minimum wages help rationalize a considerable decline in real wages of low-education workers in the 1980s and play a role in shaping the evolution of the U.S. college premium.,The Quarterly Journal of Economics,https://doi.org/10.1093/qje/qjaf014,old,2025-10-24,2025-11-04T05:41:42Z
https://openalex.org/W4407964092,Minimum Wage Effects and Monopsony Explanations,Justin Wiltshire; Carl McPherson; Michael Reich; Denis Sosinskiy,2025-02-26,NA,Journal of Labor Economics,https://doi.org/10.1086/735551,old,2025-10-24,2025-10-24T00:00:00Z
https://openalex.org/W4408165652,Voluntary Minimum Wages: The Local Labor Market Effects of National Retailer Policies,Ellora Derenoncourt; David Weil,2025-03-05,"ABSTRACT Low unionization rates, a falling real federal minimum wage, and outsourcing have hampered wage growth in the low-wage sector in the United States for several decades. In recent years (2014–2023), a number of large private retailers—including some of the largest employers in the United States—have opted to institute or raise company-wide, voluntary minimum wages (VMWs) for their employees. We use anonymized payroll data from a large credit bureau and a major payroll provider to study the effects of these national retailer policies on adopting employers’ own wages and employment as well as their spillovers to other employers in shared local labor markets, variously defined. Using stacked event studies centered around multiple VMW events and a continuous treatment variable defined as the gap between local-area wages and the company minimum, we find that VMWs result in sizable wage increases and reductions in turnover at the companies that implement them. Turning to wages at other companies, we estimate small, often economically negligible, spillover effects across multiple measures of exposure to VMWs and numerous definitions of relevant competitors, including firms connected by worker flows. Together, the evidence points to little role for strategic interactions in the transmission of large retailers’ wage policies to other firms. Voluntary minimum wage policies have affected over 3 million jobs at adopting employers, yet their impact on the broader labor market is limited.",The Quarterly Journal of Economics,https://doi.org/10.1093/qje/qjaf016,old,2025-10-24,2025-11-04T05:41:42Z
https://openalex.org/W4408307750,Minimum Wages and Teenage Childbearing in the United States,Kyutaro Matsuzawa; Daniel I. Rees; Joseph J. Sabia; Rebecca Margolit,2025-03-05,"ABSTRACT The minimum wage is increasingly viewed as an important, but often neglected, tool for improving public health outcomes. Using data from the period 2003–2019 and a stacked difference‐in‐differences regression model that accounts for dynamic and heterogeneous treatment effects, we explore the relationship between minimum wages and teenage childbearing in the United States. We find no evidence of a systematic, negative relationship between minimum wages and childbearing among 15‐ through 19‐year‐olds. Likewise, our estimates are not consistent with the argument that minimum wages are an effective policy tool for discouraging female 15‐ through 19‐year‐olds from having unprotected sex.",Journal of Applied Econometrics,https://doi.org/10.1002/jae.3112,old,2025-10-24,2025-10-24T00:00:00Z
https://openalex.org/W4408596491,Why do labor unions advocate for minimum wage increases?,Jeffrey Clemens; Michael R. Strain,2025-03-19,NA,Labour Economics,https://doi.org/10.1016/j.labeco.2025.102713,old,2025-10-24,2025-11-04T05:41:42Z
https://openalex.org/W4408764918,Employment effects of minimum wage indexing: Establishment evidence from Oregon restaurants,S. M. Miller; Gary A. Wagner; Alicia Plemmons,2025-03-20,"Abstract Though 18 states will index their minimum wage to the Consumer Price Index by 2025, few studies have examined indexing's differential employment effects. Leveraging a period of stability in minimum wages (2000–2007) and two distinct national geocoded databases of establishments, we explore how indexing affected employment in Oregon restaurants, one of the earliest indexing states (2003). Nearest‐neighbor matching is used as a preprocessing step before regression, pairing individual restaurants in Oregon to restaurants with similar characteristics in states where the minimum wage was unchanged. We find evidence that establishment employment falls 3.6% after indexing, implying an employment elasticity of −0.18.",Economic Inquiry,https://doi.org/10.1111/ecin.13284,old,2025-10-24,2025-10-24T00:00:00Z
https://openalex.org/W4409351318,Distributional Effects of Local Minimum Wages: A Spatial Job Search Approach,Weilong Zhang; Petra Todd,2025-04-01,"This paper develops a spatial general equilibrium job search model to study the effects of local and universal minimum wage policies on employment, wages, job postings, vacancies, migration, and welfare. Workers search for jobs locally and in neighboring areas, deciding whether to migrate or commute after receiving remote offers. The model, estimated using ACS and QWI data, reliably forecasts commuting responses to city minimum wage hikes. Simulations show that low-skill (noncollege) workers benefit from local wage increases up to $12.50. The greatest per capita welfare gain for all workers is achieved by a $15.25 universal minimum wage.",Journal of Labor Economics,https://doi.org/10.1086/734391,old,2025-10-24,2026-01-10T05:45:33Z
https://openalex.org/W4409461526,Minimum Wages and Human Capital Investment: A Meta‐Regression Analysis,Hristos Doucouliagos; Kataŕına Zigová,2025-04-14,"ABSTRACT We apply meta‐regression analysis to assess the effect of the minimum wage on two types of human capital, formal education enrolment and on‐the‐job training, using 892 reported estimates of these effects. On average, raising the minimum wage reduces enrolment in all countries assessed. The minimum wage has a somewhat moderate positive effect on training in the United States and no significant training effect elsewhere. There is no publication bias in the formal education and modest bias in the training literature. Heterogeneity among reported estimates is primarily driven by data differences, alternative specifications and measures of the relevant variables.",British Journal of Industrial Relations,https://doi.org/10.1111/bjir.12881,old,2025-10-24,2025-10-24T00:00:00Z
https://openalex.org/W4409727730,Minimum Wages and Poverty: New Evidence from Dynamic Difference-in-Differences Estimates,Richard V. Burkhauser; Drew McNichols; Joseph J. Sabia,2025-04-21,"Abstract This study re-examines Dube (2019), which finds large and statistically significant poverty-reducing effects of the minimum wage. We show that his estimated elasticities are fragile and sensitive to (1) time period under study, (2) choice of macroeconomic controls, (3) limiting counterfactuals to geographically proximate states (“close controls”), which poorly match treatment states' pre-treatment poverty trends, and (4) accounting for potential bias caused by heterogeneous and dynamic treatment effects. Using data spanning nearly four decades from the March Current Population Survey and a dynamic difference-in-differences (DiD) approach, we find that a 10 percent increase in the minimum wage is associated with a (statistically insignificant) 0.17 percent increase in the probability of longer-run poverty among all persons. With 95% confidence, we can rule out long-run poverty elasticities with respect to the minimum wage of less than -0.129. Our null results persist across a variety of DiD estimation strategies, including two-way fixed effects, stacked DiD, Callaway and Sant'Anna, and synthetic DiD. We conclude that, to date, the preponderance of evidence suggests that minimum wage increases are an ineffective policy strategy for alleviating poverty.",The Review of Economics and Statistics,https://doi.org/10.1162/rest_a_01590,old,2025-10-24,2025-10-24T00:00:00Z
https://openalex.org/W4410015841,A Comparison of Approaches for Identifying Minimum Wage Workers: Direct Question Versus Administrative Earnings Data,Paul Redmond; Elisa Staffa; Séamus McGuinness,2025-04-30,"ABSTRACT The ability to identify minimum wage employees is essential for minimum wage research. When the minimum wage is set at an hourly rate, such as in Ireland, Germany, the United States and the United Kingdom, researchers often combine monthly or weekly earnings data with self‐reported hours worked to calculate an hourly wage to determine if a worker is on minimum wage. This may lead to misclassification, whereby higher paid employees are misclassified as minimum wage employees or vice versa. An alternative, but less common, approach for identifying minimum wage employees is to use a direct survey question. Ireland is the only country in Europe whose labour force survey includes both linked administrative earnings data and a direct minimum wage question, thereby facilitating a comparison of both approaches. When studying the incidence, characteristics and outcomes associated with minimum wages, we show that the choice of approach (administrative data vs. survey question) can produce different results. We discuss the limitations of each approach when it comes to implementing difference‐in‐differences analysis to study the impacts of a minimum wage increase. We then combine useful features from both approaches to come up with a difference‐in‐differences estimate that overcomes some of the limitations that exist when using either approach on its own. We argue that the addition of a standardised minimum wage question in labour force surveys across Europe would allow researchers to provide more robust estimates on the impacts of minimum wage changes, while also facilitating cross‐country minimum wage research.",British Journal of Industrial Relations,https://doi.org/10.1111/bjir.12886,old,2025-10-24,2025-10-24T00:00:00Z
https://openalex.org/W4410085316,The Heterogeneous Effects of Large and Small Minimum Wage Changes: Evidence Using a Partially Pre-Committed Analysis Plan,Jeffrey Clemens; Michael Strain,2025-05-05,NA,Journal of Labor Economics,https://doi.org/10.1086/736552,old,2025-10-24,2025-10-24T00:00:00Z
https://openalex.org/W4410405813,Effects of family income on child academic achievement: Evidence from changes in the minimum wage,Dhaval Dave; Robert Kaestner; Wei Lyu; George L. Wehby,2025-05-15,"Abstract We examine the effect of family earnings on child math and reading test scores using the minimum wage as an instrument for family earnings. We show that a higher minimum wage raises earnings significantly and that the effect of the minimum wage on family earnings varies by maternal skill. Notably, a higher minimum wage is not associated with meaningful reductions in maternal work hours and weeks worked. Overall, we find that family earnings have little effect on child achievement test scores. OLS estimates are positive, but very small. IV estimates are small and mostly statistically insignificant, but precisely enough estimated to rule out benefits exceeding 0.03 standard deviations per additional $1000 earnings.",Southern Economic Journal,https://doi.org/10.1002/soej.12777,old,2025-10-24,2025-10-24T00:00:00Z
https://openalex.org/W4410897158,Leaders in Social Movements: Evidence from Unions in Myanmar,Laura Boudreau; Rocco Macchiavello; Virginia Minni; Mari Tanaka,2025-05-30,"Social movements are catalysts for crucial institutional changes. To succeed, they must coordinate members’ views (consensus building) and actions (mobilization). We study union leaders within Myanmar’s burgeoning labor movement. Union leaders are positively selected on both ability and personality traits that enable them to influence others, yet they earn lower wages. In group discussions about workers’ views on an upcoming national minimum wage negotiation, randomly embedded leaders build consensus around the union’s preferred policy. In an experiment that mimics individual decision-making in a collective action setup, leaders increase mobilization through coordination. (JEL D91, J38, J51, O15)",American Economic Review,https://doi.org/10.1257/aer.20230758,old,2025-10-24,2025-10-24T00:00:00Z
https://openalex.org/W4411465828,Minimum Wages and Homelessness,Seth J. Hill,2025-06-19,"ABSTRACT Economic theory offers competing predictions about how minimum wage policies might affect homelessness. While minimum wages might reduce homelessness by raising incomes, they could also trigger employment disruptions and negative income shocks identified in the literature as proximate causes of homelessness. Policy effects might be heterogeneous because the risk factors for homelessness—substance abuse, mental illness, unstable support network, and so on—correlate with lower labor market competitiveness. Using synthetic and local‐projection difference‐in‐differences methods with Department of Housing and Urban Development point‐in‐time counts, I find minimum wage increases between 2006 and 2019 led to more homelessness in American municipalities. This finding could help explain why homelessness surged in places that substantially increased minimum wages like New York, Seattle, and San Francisco while falling in localities with inflation‐adjusted declines. Further analysis suggests employment effects more likely drove these increases than housing prices or migration. The findings highlight distributional consequences of minimum wage policies and add to our understanding of homelessness.",Southern Economic Journal,https://doi.org/10.1002/soej.12779,old,2025-10-24,2025-10-24T00:00:00Z
https://openalex.org/W4411615543,Occupational Autonomy and Wage Divergence: Evidence From European Survey Data,Thomas Rabensteiner; Alexander Guschanski,2025-06-23,"ABSTRACT Wages across occupations in Western Europe have diverged, resulting in increased wage inequality. However, existing theories such as routine‐biased technological change (RBTC) or task offshoring fail to explain this trend. We propose a new explanation based on occupational autonomy. Autonomy measures workers' control and influence over their work process based on the tasks required in an occupation. Analysing individual‐level data from the EU Survey of Income and Living Conditions, we reveal a rising autonomy wage premium, that is, higher wage growth for occupations with higher autonomy, which accurately predicts the observed occupational wage divergence. We also find that the autonomy premium increases more rapidly in countries and industries with greater employee monitoring and outsourcing, as well as in countries with declining minimum wages. These findings imply that low‐autonomy occupations have been disadvantaged by recent socioeconomic trends that have altered power relations in the workplace. Notably, our analysis does not support previous explanations for occupational wage trends based on RBTC or task offshoring.",British Journal of Industrial Relations,https://doi.org/10.1111/bjir.70003,old,2025-10-24,2025-10-24T00:00:00Z
https://openalex.org/W4412629975,Minimum wage increases and vacancies,Marianna Kudlyak; Murat Tasci; Didem Tüzemen,2025-07-24,"We use a unique data set and a novel identification strategy to estimate the effect of minimum wage increases on vacancy postings. Utilizing occupation-specific county-level vacancy data from the Conference Board’s Help Wanted Online for 2005-18, we find that state-level minimum wage increases lead to substantial declines in existing and new vacancy postings in occupations with a larger share of workers earning close to the effective minimum wage. We estimate that a 10 percent increase in the state-level effective minimum wage reduces vacancies in these occupations relative to the rest by 2.4 percent in the same quarter, and the cumulative effect is as large as 4.5 percent a year later. Focusing on vacancies rather than employment allows us to highlight changes in firms’ hiring intentions in response to minimum wage increases. Coupled with the earlier U.S. evidence showing reductions in separations following minimum wage hikes, our finding of declining vacancies contributes to the broader empirical literature suggesting negligible effects of minimum wage increases on net employment.",Labour Economics,https://doi.org/10.1016/j.labeco.2025.102765,old,2025-10-24,2026-06-17T10:20:02Z
https://openalex.org/W4413343041,"Do Higher Tipped Minimum Wages Reduce Race, Ethnic, or Gender Earnings Gaps for Restaurant Workers?",David Neumark; Emma Wohl,2025-08-19,"ABSTRACT One of the arguments increasingly made to support large minimum wage increases is that they decrease wage or earnings gaps for minorities or women. The argument is often made with particular reference to higher tipped minimum wages for restaurant workers, because of discrimination in tipping that is immune to equal pay policy requirements. Of course, even if higher tipped minimum wages reduce hourly pay differences between groups, increases in tipped minimum wages can reduce employment or hours among restaurant workers, and these effects could differ by race and gender, so implications for hourly earnings do not necessarily extend to overall earnings. We estimate the impact of variation in tipped minimum wages—or, equivalently, tip credits—on earnings of restaurant workers (which ignores employment variation but incorporates hours variation). We find that tipped minimum wages raise hourly earnings of women, but not of Blacks or Hispanics. But tipped minimum wages generally do not raise weekly earnings for these groups (because of hours declines for women). In contrast, regular minimum wages boost hourly and weekly earnings of all three groups of restaurant workers, with the effects arising from non‐tipped workers.",Industrial Relations A Journal of Economy and Society,https://doi.org/10.1111/irel.70003,old,2025-10-24,2025-10-24T00:00:00Z
https://openalex.org/W4413498104,The Representativeness of the Annual Survey of Hours and Earnings and Its Implications for UK Wage Policy,John Forth; Alex Bryson; Van Phan; Felix Ritchie; Carl Singleton; Lucy Stokes; Damian Whittard,2025-08-25,"ABSTRACT The Annual Survey of Hours and Earnings (ASHE) is based on an annual 1% sample of employee jobs and provides many of the UK's official earnings statistics. These statistics are produced using official weights designed to make the achieved sample in each year representative of the population of employee jobs in Britain by gender, age, occupation and region. However, we show that jobs in small, young, private‐sector organisations remain significantly under‐represented after applying these weights. To address this issue, we develop new weights and demonstrate their importance through policy‐relevant examples. Our new estimates suggest that the bite of the National Living Wage is greater than previously reported, and the gender pay gap is wider. We conclude that a new official review of the methodology for ASHE is merited to improve the accuracy and reliability of data informing earnings analysis and research in the United Kingdom.",British Journal of Industrial Relations,https://doi.org/10.1111/bjir.70010,old,2025-10-24,2025-10-24T00:00:00Z
https://openalex.org/W4412518030,The Impact of a Rising Wage Floor on Labour Mobility Across Firms,John Forth; Carl Singleton; Alex Bryson; Van Phan; Felix Ritchie; Lucy Stokes; Damian Whittard,2025-07-21,"ABSTRACT In April 2016, the National Living Wage (NLW) raised the statutory wage floor for employees in the United Kingdom aged 25 and above by 50 pence per hour. This uprating was almost double any in the previous decade and expanded the share of jobs covered by the wage floor by around 50%. Using a difference‐in‐differences approach with linked employer–employee data from the UK's Annual Survey of Hours and Earnings, we examine how the introduction and uprating of the NLW affected the likelihood of minimum‐wage employees changing firms. We find some evidence that the NLW reduced the rate of job‐to‐job transitions among such workers, consistent with predictions that an increase in the wage floor discourages job search. However, we find no evidence that the NLW affected differences in job mobility between minimum wage workers and their co‐workers in the same firm. Together, these findings suggest that the increased wage floor made quits less attractive to minimum‐wage workers in firms with limited opportunities for progression.",British Journal of Industrial Relations,https://doi.org/10.1111/bjir.70008,old,2025-10-24,2025-10-24T00:00:00Z
